accelerometerVectorData,smoothedAccelerometerVectorData,intensityArr,intensity
0.9978945981274895,0.9976996118973014,0.00022512864444323988,0.00046089926636125886
0.9975046256671132,0.9975046256671132,3.0142414255029948e-05
0.9975046256671132,0.9974566853314064,1.779792145173431e-05
0.9974087449956998,0.9974087449956996,6.573825715849857e-05
0.9974087449956998,0.99702488795674,0.00044959529611809934
0.9966410309177807,0.9966410309177804,0.0008334523350777001
0.9966410309177807,0.9968148599465574,0.0006596233063007606
0.9969886889753345,0.9969886889753343,0.0004857942775238211
0.9969886889753345,0.9968447232116507,0.0006297600412074056
0.9967007574479674,0.9967007574479672,0.0007737258048909901
0.9967007574479674,0.9972955655202778,0.0001789177325803859
0.9978903735925885,0.9978903735925884,0.00041589033973021827
0.9978903735925885,0.9976217914809604,0.00014730822810227195
0.9973532093693325,0.9973532093693325,0.00012127388352567436
0.9973532093693325,0.9973237819632992,0.00015070128955896323
0.9972943545572659,0.9972943545572659,0.00018012869559225209
0.9972943545572659,0.9969556594743639,0.0005188237784942151
0.996616964391462,0.996616964391462,0.0008575188613961782
0.996616964391462,0.9967229890078368,0.0007514942450213002
0.9968290136242118,0.9968290136242117,0.0006454696286464223
0.9968290136242118,0.9970429094570868,0.0004315737957713006
0.9972568052899621,0.997256805289962,0.0002176779628961789
0.9972568052899621,0.9975486757700693,7.419251721119124e-05
0.9978405462501768,0.9978405462501767,0.0003660629973185614
0.9978405462501768,0.9973267177499903,0.00014776550286788037
0.9968128892498038,0.9968128892498038,0.0006615940030543221
0.9968128892498038,0.9965419179641188,0.0009325652887393066
0.996270946678434,0.9962709466784339,0.001203536574424291
0.996270946678434,0.9966600345029129,0.0008144487499452957
0.9970491223273921,0.9970491223273918,0.00042536092546630044
0.9970491223273921,0.9969554782496596,0.0005190050031985693
0.9968618341719275,0.9968618341719273,0.0006126490809308383
0.9968618341719275,0.9977957855196661,0.0003213022668079324
0.9987297368674051,0.9987297368674048,0.001255253614546703
0.9987297368674051,0.9980483023749918,0.000573819122133612
0.9973668678825788,0.9973668678825787,0.0001076153702794791
0.9973668678825788,0.9966688715210994,0.0008056117317587486
0.9959708751596202,0.9959708751596201,0.001503608093238018
0.9959708751596202,0.9958433615103197,0.0016311217425384328
0.9957158478610195,0.9957158478610193,0.0017586353918388475
0.9957158478610195,0.9963428240431776,0.0011316592096805023
0.9969698002253362,0.996969800225336,0.000504683027522157
0.9969698002253362,0.9976281876362793,0.00015370438342110493
0.9982865750472227,0.9982865750472225,0.0008120917943643668
0.9982865750472227,0.9979101284769516,0.0004356452240934505
0.9975336819066809,0.9975336819066807,5.91986538225342e-05
0.9975336819066809,0.9972922388175331,0.00018224443532499635
0.997050795728386,0.9970507957283856,0.0004236875244725269
0.997050795728386,0.9973925735357672,8.190971709098882e-05
0.9977343513431491,0.9977343513431487,0.00025986809029054925
0.9977343513431491,0.9972992455093772,0.00017523774348093824
0.9968641396756063,0.9968641396756057,0.0006103435772524257
0.9968641396756063,0.9972854640490096,0.00018901920384850612
0.9977067884224142,0.9977067884224136,0.00023230516955541347
0.9977067884224142,0.9981613044270257,0.0006868211741675179
0.9986158204316384,0.9986158204316378,0.0011413371787796223
0.9986158204316384,0.9982270971675398,0.0007526139146816213
0.9978383739034425,0.9978383739034418,0.00036389065058362036
0.9978383739034425,0.997665889378176,0.00019140612531787227
0.997493404852911,0.9974934048529103,1.8921600052124177e-05
0.997493404852911,0.9976428999816795,0.0001684167288213967
0.9977923951104496,0.9977923951104488,0.0003179118575906692
0.9977923951104496,0.9979019000837174,0.00042741683085922855
0.9980114050569867,0.9980114050569859,0.0005369218041277879
0.9980114050569867,0.9979299393496398,0.000455456096781659
0.9978484736422945,0.9978484736422937,0.0003739903894355301
0.9978484736422945,0.9974950178622597,2.0534609401545723e-05
0.9971415620822264,0.9971415620822257,0.00033292117063243865
0.9971415620822264,0.9965170793513376,0.0009574039015205482
0.9958925966204503,0.9958925966204495,0.0015818866324086578
0.9958925966204503,0.9966561034069645,0.0008183798458936131
0.9974196101934805,0.9974196101934796,5.4873059378568456e-05
0.9974196101934805,0.9977995617711731,0.0003250785183149807
0.9981795133488676,0.9981795133488667,0.0007050300960085298
0.9981795133488676,0.9981658353049683,0.000691352052110128
0.9981521572610706,0.9981521572610699,0.0006776740082117261
0.9981521572610706,0.9971688238956163,0.0003056593572418054
0.9961854905301636,0.9961854905301628,0.0012889927226953368
0.9961854905301636,0.997003773415881,0.00047070983697716784
0.9978220563015998,0.9978220563015991,0.00034757304874100114
0.9978220563015998,0.9978149455997093,0.00034046234685114474
0.9978078348978201,0.9978078348978194,0.00033335164496128833
0.9978078348978201,0.9978466703901033,0.0003721871372451835
0.9978855058823879,0.9978855058823872,0.00041102262952907864
0.9978855058823879,0.9968478346032442,0.0006266486496139256
0.9958101633241019,0.9958101633241012,0.00166431992875693
0.9958101633241019,0.9967574959109557,0.0007169873419023975
0.9977048284978111,0.9977048284978103,0.00023034524495213482
0.9977048284978111,0.997492125288606,1.7642035747833518e-05
0.9972794220794023,0.9972794220794017,0.00019506117345646778
0.9972794220794023,0.9974296026663674,4.488058649076976e-05
0.9975797832533337,0.9975797832533331,0.00010530000047492827
0.9975797832533337,0.9972144511875389,0.00026003206531921563
0.9968491191217455,0.9968491191217448,0.0006253641311133595
0.9968491191217455,0.9967219007142025,0.0007525825386556217
0.9965946823066609,0.9965946823066603,0.000879800946197884
0.9965946823066609,0.9972115788112503,0.0002629044416078141
0.9978284753158412,0.9978284753158404,0.0003539920629822557
0.9978284753158412,0.9972401896083779,0.00023429364448024348
0.9966519039009162,0.9966519039009154,0.0008225793519427427
0.9966519039009162,0.9968200075566229,0.0006544756962352238
0.9969881112123311,0.9969881112123304,0.000486372040527705
0.9969881112123311,0.9975209878973803,4.650464452216063e-05
0.9980538645824308,0.9980538645824302,0.0005793813295720263
0.9980538645824308,0.9977227031406621,0.00024821988780399096
0.9973915416988948,0.9973915416988941,8.294155396404435e-05
0.9973915416988948,0.9971570091745914,0.0003174740782667662
0.9969224766502892,0.9969224766502887,0.0005520066025694881
0.9969224766502892,0.9975635251410828,8.90418882246724e-05
0.9982045736318775,0.998204573631877,0.0007300903790188329
0.9982045736318775,0.9976394466770082,0.00016496342415006637
0.9970743197221401,0.9970743197221394,0.00040016353071870014
0.9970743197221401,0.99759625797745,0.0001217747245918499
0.9981181962327611,0.9981181962327605,0.0006437129799024
0.9981181962327611,0.9976931366635047,0.00021865341064652988
0.9972680770942495,0.9972680770942488,0.0002064061586093402
0.9972680770942495,0.9974814952552676,7.012002409489959e-06
0.9976949134162871,0.9976949134162865,0.00022043016342832011
0.9976949134162871,0.9973417183496569,0.00013276490320124346
0.996988523283028,0.9969885232830273,0.000485959969830807
0.996988523283028,0.9978911068764187,0.0004166236235605414
0.9987936904698108,0.99879369046981,0.0013192072169518898
0.9987936904698108,0.9979119132640766,0.0004374300112184315
0.9970301360583438,0.9970301360583431,0.0004443471945150268
0.9970301360583438,0.997413107787583,6.13754652751819e-05
0.9977960795168236,0.9977960795168228,0.000321596263964663
0.9977960795168236,0.9979527101063402,0.0004782268534820888
0.9981093406958584,0.9981093406958577,0.0006348574429995146
0.9981093406958584,0.9976473207485174,0.00017283749565921713
0.9971853008011778,0.9971853008011771,0.00028918245168108037
0.9971853008011778,0.9968585340760402,0.0006159491768179537
0.9965317673509041,0.9965317673509033,0.000942715901954827
0.9965317673509041,0.9963897147732431,0.001084768479615028
0.9962476621955837,0.9962476621955829,0.0012268210572752292
0.9962476621955837,0.9971550604153858,0.00031942283747232736
0.9980624586351894,0.9980624586351887,0.0005879753823305744
0.9980624586351894,0.9974160739699064,5.8409282951754626e-05
0.9967696893046247,0.9967696893046241,0.0007047939482340837
0.9967696893046247,0.9967243953688321,0.000750087884026085
0.9966791014330406,0.9966791014330401,0.0007953818198180862
0.9966791014330406,0.996536370359594,0.0009381128932641758
0.9963936392861485,0.9963936392861479,0.0010808439667102654
0.9963936392861485,0.9973654964925086,0.00010898676034953869
0.99833735369887,0.9983373536988693,0.000862870446011188
0.99833735369887,0.9982716270262992,0.0007971437734410891
0.9982059003537299,0.9982059003537291,0.0007314171008709902
0.9982059003537299,0.997779054814522,0.0003045715616638578
0.9973522092753155,0.9973522092753149,0.00012227397754327463
0.9973522092753155,0.9967568344511697,0.000717648801688453
0.9961614596270253,0.9961614596270245,0.0013130236258336314
0.9961614596270253,0.9966946621766709,0.0007798210761872371
0.9972278647263181,0.9972278647263173,0.0002466185265408427
0.9972278647263181,0.9971112156325947,0.00036326762026339665
0.996994566538873,0.9969945665388722,0.0004799167139859506
0.996994566538873,0.9976810987372247,0.00020661548436651245
0.9983676309355778,0.9983676309355771,0.0008931476827189755
0.9983676309355778,0.9983005240039903,0.0008260407511321288
0.9982334170724041,0.9982334170724034,0.0007589338195452822
0.9982334170724041,0.9970692020334042,0.0004052812194539346
0.9959049869944058,0.995904986994405,0.0015694962584531513
0.9959049869944058,0.9961686435687279,0.0013058396841302278
0.9964323001430516,0.9964323001430508,0.0010421831098073042
0.9964323001430516,0.9974033028406021,7.118041225606664e-05
0.9983743055381541,0.9983743055381533,0.0008998222852951709
0.9983743055381541,0.9988452051821977,0.0013707219293395134
0.9993161048262429,0.999316104826242,0.001841621573383856
0.9993161048262429,0.9987154237482161,0.001240940495357945
0.9981147426701912,0.9981147426701902,0.0006402594173320342
0.9981147426701912,0.9974005268777519,7.395637510621e-05
0.9966863110853148,0.9966863110853137,0.0007881721675444542
0.9966863110853148,0.996897003657333,0.0005774795955251211
0.9971076962293535,0.9971076962293524,0.00036678702350578796
0.9971076962293535,0.9975189418542438,4.445860138568847e-05
0.9979301874791365,0.9979301874791353,0.0004557042262771649
0.9979301874791365,0.997789673093095,0.00031518984023681806
0.9976491587070558,0.9976491587070546,0.00017467545419647124
0.9976491587070558,0.9976798316781208,0.0002053484252626525
0.9977105046491882,0.997710504649187,0.0002360213963288338
0.9977105046491882,0.9974558977517562,1.8585501101897606e-05
0.9972012908543267,0.9972012908543255,0.000273192398532629
0.9972012908543267,0.9969290164907139,0.0005454667621442866
0.9966567421271035,0.9966567421271022,0.0008177411257559442
0.9966567421271035,0.9966146199879806,0.0008598632648775251
0.9965724978488604,0.996572497848859,0.000901985403999106
0.9965724978488604,0.9975095141447394,3.50308918812825e-05
0.9984465304406211,0.9984465304406198,0.000972047187761671
0.9984465304406211,0.9983599505344958,0.0008854672816376308
0.9982733706283732,0.9982733706283717,0.0007988873755135906
0.9982733706283732,0.9973806849369553,9.379831590283771e-05
0.9964879992455402,0.9964879992455389,0.000986484007319266
0.9964879992455402,0.9966702285980058,0.0008042546548523433
0.9968524579504742,0.9968524579504727,0.0006220253023854205
0.9968524579504742,0.9969197125978693,0.0005547706549888787
0.9969869672452673,0.9969869672452658,0.0004875160075923368
0.9969869672452673,0.9975633126672534,8.882941439525283e-05
0.9981396580892425,0.998139658089241,0.0006651748363828425
0.9981396580892425,0.998006627054999,0.0005321438021408387
0.9978735960207585,0.997873596020757,0.0003991127678988349
0.9978735960207585,0.9974010179349866,7.346531787155719e-05
0.9969284398492178,0.9969284398492162,0.0005460434036419493
0.9969284398492178,0.9971820444889432,0.0002924387639149373
0.9974356491286718,0.9974356491286702,3.883412418792531e-05
0.9974356491286718,0.9974833534224457,8.870169587504861e-06
0.9975310577162227,0.9975310577162211,5.6574463362935035e-05
0.9975310577162227,0.9972308429538994,0.00024364029895873607
0.9969306281915795,0.9969306281915777,0.0005438550612804072
0.9969306281915795,0.9969896552838482,0.00048482796900994884
0.9970486823761203,0.9970486823761187,0.0004258008767394905
0.9970486823761203,0.9979342241401963,0.0004597408873381337
0.9988197659042756,0.9988197659042739,0.0013452826514157579
0.9988197659042756,0.9989325747209705,0.0014580914681123769
0.9990453835376688,0.9990453835376671,0.001570900284808996
0.9990453835376688,0.9982272287803485,0.0007527455274903838
0.9974090740230316,0.9974090740230299,6.540922982822828e-05
0.9974090740230316,0.9972320669027213,0.000242416350136887
0.9970550597824144,0.9970550597824126,0.00041942347044554573
0.9970550597824144,0.9967990023440146,0.0006754809088435065
0.9965429449056185,0.9965429449056167,0.0009315383472414673
0.9965429449056185,0.9976077564526769,0.00013327319981870644
0.9986725679997389,0.998672567999737,0.0011980847468788802
0.9986725679997389,0.9980674855141498,0.0005930022612916641
0.9974624030285645,0.9974624030285626,1.2080224295552e-05
0.9974624030285645,0.9966459557548168,0.0008285274980412982
0.9958295084810731,0.9958295084810711,0.0016449747717870444
0.9958295084810731,0.9961280130586072,0.0013464701942509372
0.9964265176361454,0.9964265176361433,0.00104796561671483
0.9964265176361454,0.9968431207136612,0.0006313625391969335
0.9972597237911813,0.9972597237911791,0.00021475946167903714
0.9972597237911813,0.9973011458512664,0.00017333740159175548
0.9973425679113559,0.9973425679113537,0.00013191534150447382
0.9973425679113559,0.9973376727695329,0.00013681048332525592
0.9973327776277143,0.9973327776277121,0.00014170562514603802
0.9973327776277143,0.9973648192331291,0.00010966401972900552
0.9973968608385484,0.9973968608385462,7.762241431197303e-05
0.9973968608385484,0.9975880776237978,0.000113594370939607
0.9977792944090516,0.9977792944090493,0.00030481115619118704
0.9977792944090516,0.9971161362293427,0.00035834702351544845
0.9964529780496383,0.9964529780496361,0.001021505203222084
0.9964529780496383,0.9966410533538509,0.0008334298990072542
0.9968291286580679,0.9968291286580657,0.0006453545947924244
0.9968291286580679,0.9974272973148992,4.7185937958937885e-05
0.998025465971735,0.9980254659717327,0.0005509827188745486
0.998025465971735,0.9975825626965044,0.00010807944364621402
0.9971396594212784,0.997139659421276,0.0003348238315821206
0.9971396594212784,0.997221296665666,0.0002531865871922001
0.9973029339100583,0.9973029339100559,0.00017154934280227963
0.9973029339100583,0.997428872815842,4.561043701611922e-05
0.9975548117216306,0.9975548117216282,8.032846877004118e-05
0.9975548117216306,0.9977682133000764,0.0002937300472182214
0.997981614878527,0.9979816148785245,0.0005071316256664016
0.997981614878527,0.9979709293787886,0.000496446125930472
0.9979602438790551,0.9979602438790527,0.0004857606261945424
0.9979602438790551,0.997417304738546,5.7178514312195006e-05
0.9968743655980418,0.9968743655980392,0.0006001176548189324
0.9968743655980418,0.9974604761863974,1.4007066460708373e-05
0.9980465867747583,0.9980465867747557,0.0005721035218975157
0.9980465867747583,0.9979579111874604,0.0004834279346022097
0.9978692356001676,0.997869235600165,0.00039475234730690367
0.9978692356001676,0.9975375768158014,6.309356294320612e-05
0.9972059180314402,0.9972059180314377,0.00026856522142049144
0.9972059180314402,0.9971973699698965,0.0002771132829616496
0.9971888219083579,0.9971888219083553,0.0002856613445028078
0.9971888219083579,0.9974553979556371,1.9085297221055342e-05
0.9977219740029215,0.9977219740029188,0.0002474907500606971
0.9977219740029215,0.9976391034521892,0.00016462019933105587
0.9975562329014622,0.9975562329014596,8.174964860141465e-05
0.9975562329014622,0.9974065653229852,6.791792987292933e-05
0.9972568977445135,0.9972568977445109,0.0002175855083472733
0.9972568977445135,0.9975810548722663,0.00010657161940819115
0.9979052120000246,0.9979052120000218,0.0004307287471636556
0.9979052120000246,0.9975244412838549,4.99580309967218e-05
0.9971436705676906,0.9971436705676879,0.000330812685170212
0.9971436705676906,0.9973271308360898,0.00014735241676833155
0.9975105911044945,0.9975105911044917,3.6107851633548904e-05
0.9975105911044945,0.9978037158712076,0.00032923261834949535
0.9980968406379264,0.9980968406379236,0.0006223573850654418
0.9980968406379264,0.9971848561594755,0.00028962709338264947
0.9962728716810302,0.9962728716810274,0.0012016115718307407
0.9962728716810302,0.9964990432115937,0.0009754400412644859
0.9967252147421627,0.9967252147421599,0.0007492685106982311
0.9967252147421627,0.9966967818402899,0.0007777014125682769
0.9966683489384225,0.9966683489384198,0.0008061343144383226
0.9966683489384225,0.9970461431932979,0.00042834005956027266
0.9974239374481786,0.9974239374481759,5.0545804682222695e-05
0.9974239374481786,0.9977980353446352,0.00032355209177703514
0.998172133241097,0.9981721332410944,0.000697649988236293
0.998172133241097,0.9985806111301567,0.0011061278772985794
0.9989890890192216,0.998989089019219,0.0015146057663608659
0.9989890890192216,0.9981630356245038,0.0006885523716456676
0.9973369822297912,0.9973369822297886,0.0001375010230695306
0.9973369822297912,0.997435778982742,3.870427011609667e-05
0.997534575735698,0.9975345757356955,6.009248283733726e-05
0.997534575735698,0.9975612419018923,8.675864903417985e-05
0.9975879080680917,0.9975879080680892,0.00011342481523102244
0.9975879080680917,0.9977635576459971,0.0002890743931389661
0.9979392072239076,0.9979392072239051,0.00046472397104690977
0.9979392072239076,0.9983144403422096,0.000839957089351473
0.9986896734605167,0.9986896734605142,0.0012151902076560361
0.9986896734605167,0.9980794422985517,0.0006049590456935761
0.9974692111365917,0.9974692111365893,5.2721162688840195e-06
0.9974692111365917,0.9971967697407768,0.00027771351208139006
0.9969243283449667,0.9969243283449643,0.0005501549078938961
0.9969243283449667,0.997845128744284,0.00037064549142584724
0.9987659291436061,0.9987659291436037,0.0012914458907455906
0.9987659291436061,0.998233190132101,0.0007587068792428431
0.9977004511206006,0.9977004511205982,0.00022596786774009558
0.9977004511206006,0.9976128416666996,0.0001383584138414662
0.9975252322128032,0.997525232212801,5.074895994283679e-05
0.9975252322128032,0.9973366794192672,0.00013780383359096593
0.9971481266257356,0.9971481266257334,0.00032635662712476865
0.9971481266257356,0.9969042122748428,0.0005702709780153192
0.9966602979239546,0.9966602979239523,0.0008141853289058698
0.9966602979239546,0.9967843452559466,0.0006901379969115329
0.9969083925879432,0.996908392587941,0.000566090664917196
0.9969083925879432,0.9973695119109085,0.00010497134194964453
0.9978306312338784,0.997830631233876,0.0003561479810179069
0.9978306312338784,0.9978674237131047,0.00039294046024651585
0.9979042161923356,0.9979042161923333,0.0004297329394751248
0.9979042161923356,0.9976850706086337,0.00021058735577550447
0.9974659250249364,0.997465925024934,8.558227924115869e-06
0.9974659250249364,0.9972590256728142,0.00021545758004393178
0.9970521263206968,0.9970521263206944,0.0004223569321637477
0.9970521263206968,0.9969885635848362,0.0004859196680219169
0.9969250008489805,0.9969250008489781,0.0005494824038800861
0.9969250008489805,0.9971153670304254,0.00035911622243278707
0.997305733211875,0.9973057332118727,0.00016875004098548807
0.997305733211875,0.9972287607034864,0.00024572254937171856
0.9971517881951026,0.9971517881951002,0.00032269505775794904
0.9971517881951026,0.997696353511915,0.00022187025905684443
0.9982409188287323,0.9982409188287298,0.0007664355758716379
0.9982409188287323,0.9985387278679914,0.0010642446151332141
0.9988365369072555,0.9988365369072529,0.0013620536543947903
0.9988365369072555,0.9982245280139925,0.000750044761134383
0.9976125191207346,0.9976125191207321,0.0001380358678739757
0.9976125191207346,0.9973548813160427,0.00011960193681548326
0.9970972435113555,0.9970972435113532,0.0003772397415049422
0.9970972435113555,0.9968468018600383,0.0006276813928198788
0.9965963602087256,0.9965963602087233,0.0008781230441348153
0.9965963602087256,0.9969525541569553,0.0005219290959028733
0.9973087481051893,0.9973087481051872,0.00016573514767093123
0.9973087481051893,0.9970587730228047,0.00041571023005348984
0.9968087979404241,0.9968087979404221,0.0006656853124360484
0.9968087979404241,0.996971550970903,0.0005029322819551929
0.9971343040013857,0.9971343040013838,0.00034017925147433736
0.9971343040013857,0.9972531785791432,0.00022130467371495044
0.9973720531569045,0.9973720531569026,0.00010243009595556352
0.9973720531569045,0.997078431742261,0.000396051510597184
0.9967848103276212,0.9967848103276193,0.0006896729252388045
0.9967848103276212,0.9972857612593917,0.00018872199346642304
0.9977867121911659,0.9977867121911641,0.00031222893830595844
0.9977867121911659,0.9981425919751131,0.0006681087222549786
0.9984984717590639,0.9984984717590621,0.0010239885062039988
0.9984984717590639,0.9981772852835238,0.0007028020306656391
0.9978560988079871,0.9978560988079854,0.0003816155551272793
0.9978560988079871,0.9976232187376877,0.00014873548482952081
0.9973903386673915,0.9973903386673899,8.414458546823766e-05
0.9973903386673915,0.9971602065588603,0.0003142766939978614
0.9969300744503323,0.9969300744503307,0.0005444088025274851
0.9969300744503323,0.9970297908854422,0.0004446923674159553
0.9971295073205553,0.9971295073205537,0.00034497593230442547
0.9971295073205553,0.99787195205835,0.0003974688054918518
0.9986143967961478,0.9986143967961463,0.001139913543288129
0.9986143967961478,0.9983386602984033,0.0008641770455452003
0.998062923800662,0.9980629238006604,0.0005884405478022714
0.998062923800662,0.9981946386715519,0.0007201554186937464
0.998326353542445,0.9983263535424434,0.0008518702895852215
0.998326353542445,0.998133197310562,0.0006587140577039019
0.9979400410786823,0.9979400410786807,0.0004655578258225823
0.9979400410786823,0.998060204712208,0.000585721459349875
0.9981803683457368,0.9981803683457353,0.0007058850928771676
0.9981803683457368,0.9980964154632277,0.0006219322103695468
0.9980124625807215,0.9980124625807201,0.000537979327861926
0.9980124625807215,0.9975430130923946,6.852983953642422e-05
0.9970735636040704,0.9970735636040691,0.0004009196487890776
0.9970735636040704,0.9973966430043949,7.784024846324566e-05
0.9977197224047221,0.9977197224047207,0.00024523915186258627
0.9977197224047221,0.997841871987996,0.0003673887351378635
0.9979640215712725,0.9979640215712713,0.0004895383184131408
0.9979640215712725,0.9975352779370105,6.079468415232103e-05
0.9971065343027509,0.9971065343027496,0.0003679489501084987
0.9971065343027509,0.9970490612985361,0.0004254219543220472
0.9969915882943237,0.9969915882943226,0.0004828949585355957
0.9969915882943237,0.9967953911901182,0.0006790920627399721
0.9965991940859148,0.9965991940859138,0.0008752891669443486
0.9965991940859148,0.9970014415442764,0.0004730417085817562
0.99740368900264,0.997403689002639,7.079425021916386e-05
0.99740368900264,0.9973047276350537,0.0001697556178044124
0.9972057662674694,0.9972057662674685,0.00026871698538966093
0.9972057662674694,0.9974475776253935,2.69056274646573e-05
0.9976893889833193,0.9976893889833185,0.00021490573046034633
0.9976893889833193,0.997920451920765,0.00044596866790680423
0.9981515148582123,0.9981515148582114,0.0006770316053532621
0.9981515148582123,0.9977928254487065,0.00031834219584836454
0.9974341360392026,0.9974341360392016,4.034721365653304e-05
0.9974341360392026,0.9971477429000468,0.00032674035281132774
0.9968613497608931,0.996861349760892,0.0006131334919661224
0.9968613497608931,0.9970562573032944,0.00041822594956375525
0.9972511648456979,0.9972511648456968,0.00022331840716138807
0.9972511648456979,0.9978094012138982,0.0003349179610400155
0.9983676375821007,0.9983676375820996,0.000893154329241419
0.9983676375821007,0.9976167668252023,0.00014228357234413735
0.9968658960683062,0.996865896068305,0.0006085871845531443
0.9968658960683062,0.9965708496494462,0.0009036336034119463
0.9962758032305886,0.9962758032305874,0.0011986800222707483
0.9962758032305886,0.997132530752383,0.00034195250047519554
0.9979892582741797,0.9979892582741785,0.0005147750213203572
0.9979892582741797,0.9979525138439052,0.0004780305910470073
0.9979157694136331,0.9979157694136318,0.00044128616077365734
0.9979157694136331,0.9979366117046377,0.0004621284517795088
0.9979574539956448,0.9979574539956435,0.00048297074278536023
0.9979574539956448,0.9978044351473108,0.0003299518944526181
0.9976514162989792,0.997651416298978,0.00017693304611987593
0.9976514162989792,0.9973077113277551,0.00016677192510305971
0.9969640063565335,0.9969640063565322,0.0005104768963259954
0.9969640063565335,0.9972046936096898,0.0002697896431683722
0.9974453808628487,0.9974453808628474,2.910239001074899e-05
0.9974453808628487,0.9974435472907011,3.093596215708594e-05
0.997441713718556,0.9974417137185547,3.276953430342289e-05
0.997441713718556,0.997500179583378,2.5696330519853205e-05
0.9975586454482025,0.9975586454482013,8.41621953431293e-05
0.9975586454482025,0.9976908144022952,0.00021633114943708787
0.9978229833563904,0.9978229833563892,0.00034850010353104643
0.9978229833563904,0.997834300909721,0.0003598176568628819
0.997845618463054,0.9978456184630529,0.0003711352101947174
0.997845618463054,0.9975927869686516,0.00011830371579346632
0.9973399554742516,0.9973399554742504,0.00013452777860778475
0.9973399554742516,0.9973711407778401,0.00010334247501808669
0.997402326081431,0.9974023260814298,7.215717142838862e-05
0.997402326081431,0.9974316204603462,4.286279251197733e-05
0.9974609148392638,0.9974609148392626,1.3568413595566042e-05
0.9974609148392638,0.9976448429550695,0.00017035970221135344
0.9978287710708775,0.9978287710708764,0.0003542878180182729
0.9978287710708775,0.9977477588928374,0.0002732756399792535
0.9976667467147994,0.9976667467147984,0.00019226346194023414
0.9976667467147994,0.9968486808539824,0.0006258023988757744
0.9960306149931674,0.9960306149931664,0.001443868259691783
0.9960306149931674,0.9965291617823583,0.0009453214704998603
0.9970277085715512,0.9970277085715502,0.0004467746813079376
0.9970277085715512,0.9977298733338646,0.0002553900810065013
0.9984320380961801,0.9984320380961791,0.0009575548433209402
0.9984320380961801,0.9983469757101373,0.0008724924572791615
0.9982619133240966,0.9982619133240955,0.0007874300712373827
0.9982619133240966,0.998208982323982,0.0007344990711238841
0.9981560513238696,0.9981560513238685,0.0006815680710103855
0.9981560513238696,0.9981497089816964,0.000675225728838269
0.9981433666395255,0.9981433666395243,0.0006688833866661525
0.9981433666395255,0.9976910790936545,0.00021659584079636307
0.9972387915477859,0.9972387915477847,0.0002356917050734264
0.9972387915477859,0.9970926194764677,0.00038186377639048974
0.9969464474051518,0.9969464474051506,0.0005280358477075531
0.9969464474051518,0.9973365802003431,0.00013790305251504265
0.9977267129955368,0.9977267129955356,0.0002522297426774678
0.9977267129955368,0.9982541570475756,0.0007796737947174393
0.9987816010996167,0.9987816010996156,0.0013071178467574107
0.9987816010996167,0.998078360912146,0.0006038776592878214
0.9973751207246775,0.9973751207246764,9.936252818176783e-05
0.9973751207246775,0.997026822282829,0.00044766097002912897
0.9966785238409828,0.9966785238409817,0.0007959594118764901
0.9966785238409828,0.9971033693868349,0.0003711138660232871
0.9975282149326892,0.9975282149326881,5.373167982991589e-05
0.9975282149326892,0.9977107585364763,0.000236275283618137
0.9978933021402656,0.9978933021402645,0.0004188188874063581
0.9978933021402656,0.998064421209291,0.0005899379564328067
0.9982355402783185,0.9982355402783174,0.0007610570254592552
0.9982355402783185,0.9973930371562778,8.144609658033986e-05
0.9965505340342393,0.9965505340342382,0.000923949218619935
0.9965505340342393,0.9966538184941294,0.000820664758728773
0.9967571029540216,0.9967571029540205,0.000717380298837611
0.9967571029540216,0.9969508240432743,0.0005236592095838599
0.9971445451325293,0.997144545132528,0.00032993812033010883
0.9971445451325293,0.997777189715294,0.0003027064624359088
0.9984098342980613,0.9984098342980601,0.0009353510452019265
0.9984098342980613,0.9978126339421742,0.0003381506893160857
0.9972154335862896,0.9972154335862884,0.00025904966656975503
0.9972154335862896,0.9973605342655599,0.00011394898729821801
0.9975056349448327,0.9975056349448315,3.115169197331902e-05
0.9975056349448327,0.9970506548475795,0.00042382840527865895
0.9965956747503286,0.9965956747503275,0.0008788085025306369
0.9965956747503286,0.9971435392651947,0.0003309439876634235
0.997691403780063,0.9976914037800619,0.00021692052720378996
0.997691403780063,0.9978187802556411,0.00034429700278293396
0.9979461567312214,0.9979461567312202,0.00047167347836207796
0.9979461567312214,0.9975346872841385,6.0204031280375325e-05
0.997123217837058,0.9971232178370568,0.0003512654158013273
0.997123217837058,0.9966289448378134,0.0008455384150447554
0.9961346718385712,0.99613467183857,0.0013398114142881834
0.9961346718385712,0.9969143957840025,0.0005600874688556079
0.9976941197294362,0.9976941197294351,0.0002196364765769676
0.9976941197294362,0.9976684623326617,0.00019397907980356344
0.9976428049358895,0.9976428049358883,0.00016832168303015926
0.9976428049358895,0.9978113780115616,0.0003368947587034654
0.997979951087236,0.9979799510872349,0.0005054678343767716
0.997979951087236,0.9974696029171732,4.880335684909198e-06
0.9969592547471128,0.9969592547471116,0.00051522850574659
0.9969592547471128,0.9974103446173883,6.413863546983478e-05
0.9978614344876662,0.9978614344876651,0.0003869512348069204
0.9978614344876662,0.9975843459782021,0.00010986272534396768
0.9973072574687404,0.9973072574687392,0.00016722578411898503
0.9973072574687404,0.9974962682250573,2.1784972199179187e-05
0.9976852789813767,0.9976852789813755,0.0002107957285173434
0.9976852789813767,0.9979191769467254,0.00044469369386723745
0.9981530749120765,0.9981530749120753,0.0006785916592171315
0.9981530749120765,0.9977796425140409,0.0003051592611827969
0.9974062101160078,0.9974062101160066,6.827313685153769e-05
0.9974062101160078,0.997401319663507,7.316358935116618e-05
0.9973964292110086,0.9973964292110074,7.805404185079468e-05
0.9973964292110086,0.9975797632560348,0.00010528000317666653
0.9977630973010635,0.9977630973010623,0.0002886140482041277
0.9977630973010635,0.9978511867342499,0.00037670348139173804
0.9979392761674387,0.9979392761674375,0.00046479291457934835
0.9979392761674387,0.9975266379942325,5.2154741374321745e-05
0.9971139998210286,0.9971139998210274,0.00036048343183070486
0.9971139998210286,0.9972052526321169,0.0002692306207412454
0.9972965054432075,0.9972965054432064,0.0001779778096517859
0.9972965054432075,0.9976431065846253,0.00016862333176714817
0.9979897077260453,0.9979897077260442,0.0005152244731860822
0.9979897077260453,0.9974919425414561,1.7459288597976297e-05
0.996994177356869,0.996994177356868,0.00048030589599012963
0.996994177356869,0.9971342908882765,0.00034019236458160407
0.9972744044196862,0.9972744044196851,0.0002000788331730785
0.9972744044196862,0.9973473892028105,0.00012709405004762697
0.9974203739859371,0.997420373985936,5.4109266922175436e-05
0.9974203739859371,0.9971840692885732,0.00029041396428497457
0.9969477645912115,0.9969477645912104,0.0005267186616477737
0.9969477645912115,0.9974644036487776,1.0079604080504012e-05
0.9979810427063459,0.9979810427063449,0.0005065594534867657
0.9979810427063459,0.9980186583248514,0.0005441750719932248
0.9980562739433587,0.9980562739433578,0.0005817906904996839
0.9980562739433587,0.9982230265898757,0.0007485433370175709
0.9983897792363944,0.9983897792363936,0.0009152959835354579
0.9983897792363944,0.9979213785337291,0.0004468952808709403
0.9974529778310652,0.9974529778310646,2.1505421793577284e-05
0.9974529778310652,0.99706747765274,0.0004070056001181932
0.9966819774744159,0.9966819774744153,0.0007925057784428091
0.9966819774744159,0.9971767080346136,0.0002977752182445892
0.9976714385948123,0.9976714385948118,0.00019695534195363074
0.9976714385948123,0.9980216350620196,0.000547151809161428
0.9983718315292279,0.9983718315292274,0.0008973482763692253
0.9983718315292279,0.997745124448034,0.00027064119517583585
0.9971184173668411,0.9971184173668406,0.0003560658860175536
0.9971184173668411,0.9968117222505057,0.0006627610023524078
0.9965050271341716,0.9965050271341709,0.0009694561186872619
0.9965050271341716,0.9967453883070689,0.0007290949457892104
0.9969857494799677,0.996985749479967,0.0004887337728911589
0.9969857494799677,0.9972669020464078,0.00020758120645036904
0.9975480546128491,0.9975480546128486,7.357135999042086e-05
0.9975480546128491,0.9975521539684498,7.767071559161565e-05
0.9975562533240514,0.997556253324051,8.177007119281043e-05
0.9975562533240514,0.9972472584272036,0.00022722482565451507
0.9969382635303569,0.9969382635303563,0.0005362197225018406
0.9969382635303569,0.9967375200654784,0.0007369631873797022
0.9965367766006011,0.9965367766006006,0.0009377066522575639
0.9965367766006011,0.996984560241249,0.0004899230116091058
0.9974323438818982,0.9974323438818975,4.213937096064768e-05
0.9974323438818982,0.9976326073984473,0.00015812414558913357
0.9978328709149977,0.9978328709149971,0.0003583876621389148
0.9978328709149977,0.997743778189097,0.0002692949362388397
0.9976546854631976,0.9976546854631969,0.0001802022103387646
0.9976546854631976,0.9973432114561547,0.00013127179670346933
0.9970317374491131,0.9970317374491124,0.00044274580374570327
0.9970317374491131,0.9974602783217723,1.4204931085837202e-05
0.997888819194433,0.9978888191944322,0.00041433594157402887
0.997888819194433,0.9977080050254254,0.00023352177256730222
0.9975271908564194,0.9975271908564187,5.270760356057558e-05
0.9975271908564194,0.997536841417697,6.235816483890488e-05
0.997546491978976,0.9975464919789754,7.200872611723419e-05
0.997546491978976,0.9966523742104554,0.0008221090424027633
0.9957582564419359,0.9957582564419354,0.0017162268109227607
0.9957582564419359,0.9963394460686997,0.0011350371841584161
0.9969206356954646,0.9969206356954641,0.0005538475573940715
0.9969206356954646,0.9969782645211431,0.0004962187317150146
0.9970358933468227,0.9970358933468222,0.0004385899060359577
0.9970358933468227,0.9975532007418153,7.871748895715847e-05
0.9980705081368091,0.9980705081368084,0.0005960248839502746
0.9980705081368091,0.9979795245466243,0.0005050412937661619
0.997888540956441,0.9978885409564402,0.0004140577035820492
0.997888540956441,0.9972455622935936,0.0002289209592645225
0.9966025836307478,0.996602583630747,0.0008718996221110942
0.9966025836307478,0.9966387012907842,0.0008357819620739004
0.9966748189508223,0.9966748189508214,0.0007996643020367067
0.9966748189508223,0.9967934158578844,0.0006810673949737556
0.9969120127649483,0.9969120127649473,0.0005624704879108045
0.9969120127649483,0.9980829378784342,0.0006084546255760159
0.999253862991922,0.999253862991921,0.0017793797390628363
0.999253862991922,0.9988035621373692,0.001329078884511059
0.9983532612828183,0.9983532612828174,0.0008787780299592818
0.9983532612828183,0.9977069768142351,0.00023249356137700072
0.9970606923456538,0.9970606923456529,0.00041379090720528033
0.9970606923456538,0.9969547495360211,0.0005197337168370009
0.9968488067263902,0.9968488067263894,0.0006256765264687214
0.9968488067263902,0.9969407922617521,0.0005336909911060062
0.9970327777971155,0.9970327777971149,0.0004417054557432909
0.9970327777971155,0.9974238621777614,5.062107509679059e-05
0.9978149465584084,0.9978149465584079,0.0003404633055497097
0.9978149465584084,0.9975030171694749,2.853391661672422e-05
0.9971910877805424,0.9971910877805419,0.0002833954723162613
0.9971910877805424,0.9969543270527984,0.0005201562000597404
0.9967175663250555,0.9967175663250549,0.0007569169278032195
0.9967175663250555,0.9968910427701605,0.0005834404826976503
0.9970645192152666,0.9970645192152661,0.000409964037592081
0.9970645192152666,0.9973603696854674,0.00011411356739077227
0.9976562201556692,0.9976562201556687,0.00018173690281053645
0.9976562201556692,0.997351337024757,0.0001231462281011675
0.9970464538938458,0.9970464538938453,0.0004280293590128714
0.9970464538938458,0.9971533925290655,0.0003210907237926053
0.9972603311642864,0.9972603311642858,0.00021415208857233914
0.9972603311642864,0.9976145915420116,0.00014010828915345108
0.9979688519197378,0.9979688519197374,0.0004943686668792413
0.9979688519197378,0.9971894914584388,0.0002849917944193203
0.9964101309971407,0.9964101309971403,0.001064352255717882
0.9964101309971407,0.996895314654792,0.0005791685980661709
0.9973804983124441,0.9973804983124437,9.398494041445993e-05
0.9973804983124441,0.9973271000565025,0.0001473831963556549
0.9972737018005617,0.9972737018005613,0.00020078145229684985
0.9972737018005617,0.9974558330287573,1.8650224100857926e-05
0.9976379642569536,0.9976379642569533,0.000163481004095134
0.9976379642569536,0.9979708076726503,0.0004963244197921934
0.9983036510883478,0.9983036510883474,0.0008291678354892529
0.9983036510883478,0.9980781603715672,0.0006036771187090118
0.9978526696547875,0.9978526696547869,0.0003781864019287706
0.9978526696547875,0.9981273379075628,0.0006528546547046599
0.9984020061603391,0.9984020061603387,0.0009275229074805491
0.9984020061603391,0.9981362334820426,0.0006617502291844657
0.997870460803747,0.9978704608037465,0.00039597755088838227
0.997870460803747,0.9975527478049284,7.826455207027294e-05
0.9972350348061108,0.9972350348061103,0.00023944844674783639
0.9972350348061108,0.9973110757074348,0.00016340754542332192
0.9973871166087598,0.9973871166087593,8.736664409880746e-05
0.9973871166087598,0.9976592086714606,0.0001847254186024827
0.9979313007341623,0.9979313007341619,0.00045681748130377287
0.9979313007341623,0.9979305412404682,0.000456057987610059
0.9979297817467749,0.9979297817467745,0.00045529849391634514
0.9979297817467749,0.9972795845453343,0.00019489870752387173
0.9966293873438945,0.9966293873438941,0.0008450959089640886
0.9966293873438945,0.9969980988410978,0.0004763844117603444
0.9973668103383019,0.9973668103383015,0.00010767291455660022
0.9973668103383019,0.9975377441609077,6.326090804953388e-05
0.997708677983514,0.9977086779835138,0.00023419473065566798
0.997708677983514,0.9976827171620712,0.00020823390921309581
0.9976567563406288,0.9976567563406287,0.00018227308777052365
0.9976567563406288,0.9977658187622612,0.00029133550940307895
0.9978748811838939,0.9978748811838938,0.00040039793103563426
0.9978748811838939,0.9971911609455368,0.0002833223073213098
0.99650744070718,0.9965074407071799,0.0009670425456782539
0.99650744070718,0.9967625865841904,0.0007118966686677775
0.997017732461201,0.9970177324612008,0.00045675079165730104
0.997017732461201,0.9976366257995546,0.00016214254669644212
0.9982555191379083,0.9982555191379083,0.0007810358850501853
0.9982555191379083,0.997811855268971,0.00033737201611283574
0.9973681914000335,0.9973681914000336,0.00010629185282451381
0.9973681914000335,0.9975027395996604,2.825634680225786e-05
0.9976372877992871,0.9976372877992872,0.00016280454642902953
0.9976372877992871,0.9972162132934645,0.00025826995939359776
0.9967951387876418,0.9967951387876419,0.000679344465216225
0.9967951387876418,0.9970033105270073,0.0004711727258508436
0.9972114822663726,0.9972114822663727,0.0002630009864854621
0.9972114822663726,0.9977470426971302,0.00027255944427206913
0.9982826031278875,0.9982826031278877,0.0008081198750296004
0.9982826031278875,0.9982312419268784,0.0007567586740202525
0.9981798807258687,0.998179880725869,0.0007053974730109047
0.9981798807258687,0.9974189915863928,5.549166646534598e-05
0.9966581024469162,0.9966581024469165,0.0008163808059415967
0.9966581024469162,0.9972919391534361,0.00018254409942208838
0.9979257758599551,0.9979257758599556,0.0004512926070974199
0.9979257758599551,0.9984795724854703,0.0010050892326121108
0.9990333691109844,0.999033369110985,0.0015588858581268017
0.9990333691109844,0.9984865022306562,0.0010120189777980126
0.9979396353503269,0.9979396353503274,0.0004651520974692236
0.9979396353503269,0.9972947906118113,0.0001796926410468913
0.9966499458732948,0.9966499458732951,0.0008245373795630062
0.9966499458732948,0.9970458596163287,0.0004286236365294016
0.9974417733593619,0.9974417733593623,3.2709893495797004e-05
0.9974417733593619,0.9974417733593623,3.2709893495797004e-05
0.9974417733593619,0.997906670330615,0.0004321870777568293
0.9983715673018672,0.9986045901033396,0.0011301068504814271
0.9988376129048111,0.9988376129048115,0.0013631296519533986
0.9988376129048111,0.9983747826230855,0.0009002993702273976
0.9979119523413591,0.9979119523413595,0.00043746908850139654
0.9979119523413591,0.9978434238241654,0.00036894057130720803
0.9977748953069707,0.9977748953069712,0.0003004120541130195
0.9977748953069707,0.9974282734930799,4.6209759778204074e-05
0.9970816516791883,0.9970816516791887,0.00039283157366942767
0.9970816516791883,0.9973504707376242,0.00012401251523397328
0.9976192897960592,0.9976192897960596,0.00014480654320148112
0.9976192897960592,0.9976043363386432,0.00012985308578505883
0.9975893828812263,0.9975893828812268,0.00011489962836863654
0.9975893828812263,0.9970508618071459,0.00042362144571228555
0.9965123407330646,0.9965123407330649,0.0009621425197932076
0.9965123407330646,0.9968102093139628,0.0006642739388953434
0.9971080778948602,0.9971080778948607,0.0003664053579974791
0.9971080778948602,0.9977173186273969,0.00024283537453873016
0.9983265593599325,0.9983265593599331,0.0008520761070749394
0.9983265593599325,0.9979123875079947,0.0004379042551365675
0.9974982156560559,0.9974982156560563,2.3732403198195584e-05
0.9974982156560559,0.9975427743794116,6.829112655348801e-05
0.9975873331027666,0.9975873331027669,0.00011284984990878044
0.9975873331027666,0.9979220738205162,0.0004475905676580849
0.9982568145382652,0.9982568145382655,0.0007823312854073894
0.9982568145382652,0.9974234773952574,5.100585760076104e-05
0.9965901402522489,0.9965901402522492,0.0008843430006089115
0.9965901402522489,0.996955210697936,0.0005192725549221233
0.9973202811436225,0.9973202811436228,0.00015420210923533517
0.9973202811436225,0.9978906990217444,0.00041621576888628553
0.9984611168998657,0.998461116899866,0.0009866336470079062
0.9984611168998657,0.9979419247440787,0.0004674414912205771
0.9974227325882911,0.9974227325882914,5.1750664566752036e-05
0.9974227325882911,0.9974226554972813,5.182775557688313e-05
0.9974225784062708,0.9974225784062711,5.190484658701422e-05
0.9974225784062708,0.9973088517551129,0.00016563149774528885
0.9971951251039542,0.9971951251039546,0.0002793581489035635
0.9971951251039542,0.9975069787954494,3.2495542591215454e-05
0.9978188324869438,0.9978188324869441,0.0003443492340859944
0.9978188324869438,0.9983855031962919,0.0009110199434337884
0.9989521739056394,0.9989521739056397,0.0014776906527815825
0.9989521739056394,0.9982986747602753,0.0008241915074171935
0.9976451756149106,0.997645175614911,0.00017069236205280447
0.9976451756149106,0.997604323536344,0.0001298402834858381
0.9975634714577767,0.997563471457777,8.898820491887172e-05
0.9975634714577767,0.9977650597902945,0.00029057653743636003
0.9979666481228117,0.997966648122812,0.0004921648699538483
0.9979666481228117,0.9977574852827467,0.00028300202988851275
0.997548322442681,0.9975483224426813,7.383918982317716e-05
0.997548322442681,0.9974374030745744,3.708017828374377e-05
0.9973264837064671,0.9973264837064675,0.0001479995463906647
0.9973264837064671,0.9973949405582095,7.954269464860442e-05
0.9974633974099513,0.9974633974099516,1.108584290654413e-05
0.9974633974099513,0.9980665189907335,0.0005920357378753627
0.9986696405715151,0.9986696405715154,0.0011951573186572695
0.9986696405715151,0.9983472921602861,0.0008728089074279133
0.9980249437490564,0.9980249437490567,0.0005504604961985571
0.9980249437490564,0.9972301116704934,0.0002443715823647885
0.9964352795919297,0.99643527959193,0.001039203660928134
0.9964352795919297,0.9970334695668117,0.000441013686046432
0.9976316595416932,0.9976316595416934,0.00015717628883527013
0.9976316595416932,0.9970937658449369,0.0003807174079212272
0.9965558721481802,0.9965558721481804,0.0009186111046777246
0.9965558721481802,0.9971590627062108,0.0003154205466473492
0.997762253264241,0.9977622532642412,0.00028777001138302616
0.997762253264241,0.9978982452999099,0.0004237620470517456
0.9980342373355784,0.9980342373355786,0.000559754082720465
0.9980342373355784,0.9978901137626506,0.00041563050979243066
0.9977459901897224,0.9977459901897225,0.0002715069368643963
0.9977459901897224,0.9974678171611364,6.666091721729828e-06
0.9971896441325502,0.9971896441325503,0.00028483912030785596
0.9971896441325502,0.9969378456222386,0.0005366376306195075
0.9966860471119269,0.996686047111927,0.0007884361409311591
0.9966860471119269,0.9971606888836768,0.0003137943691813305
0.9976353306554264,0.9976353306554266,0.00016084740256849805
0.9976353306554264,0.9980007646029923,0.0005262813501341057
0.9983661985505576,0.9983661985505579,0.0008917152976997134
0.9983661985505576,0.9976401513266714,0.000165668073813241
0.9969141041027847,0.9969141041027849,0.0005603791500732314
0.9969141041027847,0.9969995876053708,0.00047489564748737223
0.9970850711079565,0.9970850711079566,0.0003894121449015131
0.9970850711079565,0.9970850711079566,0.0003894121449015131
0.9970850711079565,0.9965276121888522,0.0009468710640059275
0.9959701532697477,0.9962560579796416,0.0012184252732165834
0.9965419626895351,0.9965419626895353,0.0009325205633228251
0.9965419626895351,0.9970405359890476,0.00043394726381051907
0.9975391092885597,0.9975391092885599,6.462603570178693e-05
0.9975391092885597,0.9975013484106593,2.6865157801148065e-05
0.9974635875327584,0.9974635875327587,1.0895720099490802e-05
0.9974635875327584,0.9977032069969873,0.00022872374412918894
0.9979428264612159,0.997942826461216,0.0004683432083578687
0.9979428264612159,0.9976734857411902,0.00019900248833204515
0.9974041450211644,0.9974041450211644,7.03382316937784e-05
0.9974041450211644,0.9977719496077078,0.00029746635484961814
0.9981397541942513,0.9981397541942512,0.0006652709413930147
0.9981397541942513,0.9976148013493527,0.00014031809649450722
0.9970898485044544,0.9970898485044541,0.00038463474840400025
0.9970898485044544,0.9974717169928402,2.766260017939004e-06
0.9978535854812264,0.9978535854812263,0.00037910222836812224
0.9978535854812264,0.9976960675905373,0.0002215843376791593
0.9975385496998483,0.9975385496998483,6.406644699019637e-05
0.9975385496998483,0.9968721561921976,0.0006023270606605458
0.996205762684547,0.9962057626845469,0.0012687205683112879
0.996205762684547,0.9972637816383864,0.0002107016144717866
0.998321800592226,0.9983218005922259,0.0008473173393677147
0.998321800592226,0.9984144403826506,0.0009399571297924458
0.9985070801730754,0.9985070801730753,0.001032596920217177
0.9985070801730754,0.9979103539541856,0.00043587070132744543
0.997313627735296,0.9973136277352959,0.0001608555175622861
0.997313627735296,0.996738862430192,0.0007356208226660943
0.9961640971250882,0.9961640971250882,0.0013103861277699025
0.9961640971250882,0.9966606019354036,0.0008138813174545234
0.997157106745719,0.997157106745719,0.00031737650713914434
0.997157106745719,0.9974432536789455,3.1229573912661124e-05
0.9977294006121721,0.997729400612172,0.0002549173593138221
0.9977294006121721,0.9979348849041403,0.0004604016512821385
0.9981403691961088,0.9981403691961086,0.0006658859432504549
0.9981403691961088,0.9978012745361409,0.00032679128328272355
0.9974621798761734,0.9974621798761731,1.2303376685007805e-05
0.9974621798761734,0.9974621798761731,1.2303376685007805e-05
0.9974621798761734,0.9967890653613702,0.000685417891487905
0.9961159508465677,0.9968981928689118,0.000576290383946354
0.9976804348912566,0.9976804348912562,0.00020595163839809416
0.9976804348912566,0.997773521200086,0.0002990379472278537
0.9978666075089161,0.9978666075089158,0.00039212425605761325
0.9978666075089161,0.9976791557300037,0.00020467247714550663
0.9974917039510919,0.9974917039510915,1.72206982334e-05
0.9974917039510919,0.9973712948402355,0.00010318841262269007
0.9972508857293797,0.9972508857293794,0.00022359752347878015
0.9972508857293797,0.9969994251030313,0.0004750581498268458
0.9967479644766836,0.9967479644766832,0.0007265187761749115
0.9967479644766836,0.9972051924366278,0.0002692908162303942
0.9976624203965726,0.9976624203965723,0.00018793714371412307
0.9976624203965726,0.9975284089954837,5.392574262552685e-05
0.9973943975943954,0.9973943975943951,8.008565846306936e-05
0.9973943975943954,0.9975639335360778,8.945028321960535e-05
0.9977334694777608,0.9977334694777604,0.00025898622490228007
0.9977334694777608,0.9976033284114953,0.00012884515863720303
0.9974731873452305,0.9974731873452303,1.2959076278740156e-06
0.9974731873452305,0.9975750682350201,0.00010058498216192202
0.9976769491248101,0.9976769491248099,0.00020246587195171806
0.9976769491248101,0.9975046567116715,3.017345881339839e-05
0.9973323642985334,0.9973323642985332,0.00014211895432492128
0.9973323642985334,0.9978548661713547,0.0003803829184965135
0.9983773680441762,0.9983773680441761,0.0009028847913179483
0.9983773680441762,0.9981198667583244,0.0006453835054662793
0.997862365472473,0.9978623654724728,0.00038788221961461034
0.997862365472473,0.9976608723676043,0.00018638911474611053
0.997459379262736,0.9974593792627358,1.5103990122389277e-05
0.997459379262736,0.9974593792627358,1.5103990122389277e-05
0.997459379262736,0.9975323246068668,5.784135400865864e-05
0.9976052699509981,0.9973534164462623,0.00012106680659584867
0.9971015629415271,0.9971015629415267,0.0003729203113314039
0.9971015629415271,0.9970730845519185,0.00040139870093969243
0.9970446061623105,0.9970446061623102,0.00042987709054798096
0.9970446061623105,0.9974041862425708,7.0297010287379e-05
0.9977637663228317,0.9977637663228314,0.00028928306997322295
0.9977637663228317,0.997798318327244,0.00032383507438582537
0.9978328703316569,0.9978328703316566,0.0003583870787984278
0.9978328703316569,0.9978984618745746,0.00042397862171650313
0.9979640534174931,0.9979640534174927,0.0004895701646345785
0.9979640534174931,0.9976314563099271,0.00015697305706896536
0.9972988592023617,0.9972988592023615,0.00017562405049664775
0.9972988592023617,0.9970479087268878,0.00042657452597039125
0.9967969582514141,0.996796958251414,0.0006775250014441347
0.9967969582514141,0.9973109043908702,0.00016357886198792304
0.9978248505303265,0.9978248505303264,0.00035036727746828866
0.9978248505303265,0.9978248505303264,0.00035036727746828866
0.9978248505303265,0.9982288091351514,0.0007543258822932941
0.9986327677399767,0.9986327677399764,0.0011582844871182996
0.9986327677399767,0.9984464099194168,0.0009719266665586535
0.9982600520988575,0.9982600520988572,0.0007855688459990073
0.9982600520988575,0.9977768912472209,0.00030240799436276333
0.997293730395585,0.9972937303955847,0.00018075285727348067
0.997293730395585,0.9971687163576346,0.00030576689522354705
0.9970437023196849,0.9970437023196845,0.00043078093317361343
0.9970437023196849,0.9974832925955911,8.809342732951642e-06
0.997922882871498,0.9979228828714977,0.0004483996186395167
0.997922882871498,0.9979253347756121,0.0004508515227539256
0.9979277866797267,0.9979277866797265,0.00045330342686833447
0.9979277866797267,0.9979512743260284,0.00047679107317022407
0.9979747619723305,0.9979747619723303,0.0005002787194721137
0.9979747619723305,0.9975391969522369,6.471369937877114e-05
0.9971036319321439,0.9971036319321436,0.0003708513207145714
0.9971036319321439,0.9970514199594249,0.00042306329343322346
0.9969992079867067,0.9976665843509345,0.00019210109807632492
0.9983339607151629,0.9983339607151626,0.0008594774623044144
0.9983339607151629,0.9984193814228675,0.0009448981700093118
0.9985048021305727,0.9985048021305724,0.0010303188777142092
0.9985048021305727,0.9979452191289844,0.000470735876126227
0.9973856361273967,0.9973856361273964,8.88471254617551e-05
0.9973856361273967,0.9969631167744928,0.0005113664783653604
0.9965405974215894,0.9965405974215891,0.0009338858312690768
0.9965405974215894,0.9965405974215891,0.0009338858312690768
0.9965405974215894,0.9967979855846818,0.0006764976681763457
0.9970553737477748,0.9970553737477745,0.00041910950508361466
0.9970553737477748,0.9974400613879917,3.4421864866462926e-05
0.9978247490282091,0.9977692589903598,0.0002947757375016957
0.9977137689525111,0.9977137689525108,0.00023928569965270263
0.9977137689525111,0.9977137689525108,0.00023928569965270263
0.9977137689525111,0.9976199498350318,0.00014546658217362562
0.9975261307175528,0.9967257960354095,0.0007486872174486958
0.9959254613532665,0.9959254613532663,0.0015490218995918292
0.9959254613532665,0.9959254613532663,0.0015490218995918292
0.9959254613532665,0.9963291202384309,0.0011453630144272475
0.9967327791235957,0.9967327791235955,0.0007417041292626658
0.9967327791235957,0.9974219410344058,5.254221845230056e-05
0.9981111029452163,0.9981111029452161,0.0006366196923579537
0.9981111029452163,0.9984153710541992,0.0009408878013410504
0.9987196391631826,0.9987196391631823,0.0012451559103241472
0.9987196391631826,0.997819475607057,0.00034499235419882535
0.996919312050932,0.9969193120509316,0.0005551712019264965
0.996919312050932,0.9967938175293802,0.0006806657234779134
0.996668323007829,0.9966683230078288,0.0008061602450293304
0.996668323007829,0.9965642791297749,0.0009102041230832913
0.9964602352517211,0.9964602352517209,0.0010142480011372523
0.9964602352517211,0.9976333998533149,0.00015891660045674882
0.998806564454909,0.9988065644549089,0.00133208120205075
0.998806564454909,0.9987790767856443,0.0013045935327861136
0.9987515891163797,0.9987515891163796,0.0012771058635214771
0.9987515891163797,0.9983274960364047,0.0008530127835465473
0.9979034029564299,0.9979034029564298,0.00042891970357161746
0.9979034029564299,0.9976977698888114,0.00022328663595327924
0.9974921368211933,0.9974921368211931,1.7653568334941028e-05
0.9974921368211933,0.9970890179138331,0.00038546533902505953
0.9966858990064733,0.9966858990064731,0.0007885842463850601
0.9966858990064733,0.9971693524207905,0.0003051308320676238
0.9976528058351081,0.997652805835108,0.00017832258224981246
0.9976528058351081,0.9981761293627386,0.0007016461098804383
0.9986994528903693,0.9986994528903692,0.0012249696375110641
0.9986994528903693,0.998495371746296,0.0010208884934378437
0.9982912906022229,0.9982912906022228,0.0008168073493646233
0.9982912906022229,0.9977410196801644,0.00026653642730622984
0.9971907487581061,0.997190748758106,0.0002837344947521636
0.9971907487581061,0.9974772356053356,2.7523524774863972e-06
0.9977637224525655,0.9977637224525653,0.0002892391997071364
0.9977637224525655,0.9974372763973562,3.720685550190339e-05
0.9971108303421474,0.9971108303421472,0.0003636529107109432
0.9971108303421474,0.9973177367161451,0.00015674653671304828
0.9975246430901432,0.997524643090143,5.015983728484663e-05
0.9975246430901432,0.9979673415942412,0.0004928583413830179
0.9984100400983397,0.9984100400983393,0.0009355568454811891
0.9984100400983397,0.998224323290895,0.0007498400380369086
0.9980386064834511,0.9980386064834508,0.000564123230592628
0.9980386064834511,0.9979875980330547,0.0005131147801965552
0.997936589582659,0.9979365895826586,0.0004621063298004824
0.997936589582659,0.9977080764519529,0.0002335931990947726
0.9974795633212475,0.9974795633212472,5.080068389062831e-06
0.9974795633212475,0.9972897727664181,0.00018471048644008725
0.9970999822115892,0.9970999822115889,0.00037450104126923733
0.9970999822115892,0.9976861749097155,0.00021169165685730462
0.9982723676078424,0.998272367607842,0.0007978843549838466
0.9982723676078424,0.9977903226465774,0.00031583939371926384
0.9973082776853133,0.9973082776853128,0.0001662055675453189
0.9973082776853133,0.9974250198092438,4.94634436143393e-05
0.9975417619331751,0.9975417619331748,6.72786803166403e-05
0.9975417619331751,0.9970415912321249,0.0004328920207332665
0.9965414205310753,0.996541420531075,0.0009330627217831733
0.9965414205310753,0.9966899410930912,0.0007845421597669766
0.9968384616551076,0.9968384616551074,0.0006360215977507799
0.9968384616551076,0.9973058727232817,0.00016861052957639622
0.9977732837914565,0.9977732837914561,0.0002988005385979875
0.9977732837914565,0.9979485196450557,0.0004740363921975632
0.9981237554986555,0.9981237554986553,0.0006492722457971389
0.9981237554986555,0.9978117254427243,0.0003372421898661937
0.9974996953867937,0.9974996953867934,2.521213393524846e-05
0.9974996953867937,0.9968852018445122,0.0005892814083459097
0.9962707083022314,0.9962707083022311,0.0012037749506270679
0.9962707083022314,0.9968624072549956,0.0006120759978625046
0.9974541062077604,0.9974541062077602,2.037704509794125e-05
0.9974541062077604,0.9982768666254744,0.0008023833726162888
0.9990996270431888,0.9990996270431887,0.0016251437903305188
0.9990996270431888,0.9986305270983957,0.0011560438455375799
0.9981614271536029,0.9981614271536028,0.000686943900744641
0.9981614271536029,0.9978401426580825,0.00036565940522437224
0.9975188581625625,0.9975188581625622,4.4374909704103516e-05
0.9975188581625625,0.9972757306420197,0.00019875261083845963
0.9970326031214773,0.9970326031214771,0.0004418801313810228
0.9970326031214773,0.9971753328056239,0.0002991504472342754
0.9973180624897707,0.9973180624897706,0.00015642076308752806
0.9973180624897707,0.9975804651495205,0.00010598189666233271
0.9978428678092705,0.9978428678092703,0.0003683845564121935
0.9978428678092705,0.9975716446665646,9.716141370641473e-05
0.997300421523859,0.9973004215238588,0.000174061728999364
0.997300421523859,0.9976751761097657,0.00020069285690760275
0.9980499306956728,0.9980499306956727,0.0005754474428145695
0.9980499306956728,0.997348857880385,0.0001256253724731815
0.9966477850650973,0.9966477850650972,0.0008266981877609325
0.9966477850650973,0.9963624340906951,0.001112049162163009
0.9960770831162933,0.9960770831162931,0.0013974001365650857
0.9960770831162933,0.9970049175873872,0.00046956566547096124
0.9979327520584814,0.9979327520584813,0.0004582688056231632
0.9979327520584814,0.9978982356536557,0.00042375240079750576
0.9978637192488302,0.99786371924883,0.0003892359959718483
0.9978637192488302,0.9973449638973135,0.00012951935554461613
0.9968262085457972,0.9968262085457971,0.0006482747070610806
0.9968262085457972,0.9966904199864361,0.0007840632664219971
0.9965546314270752,0.9965546314270752,0.0009198518257829136
0.9965546314270752,0.997472198976867,2.2842759911378963e-06
0.9983897665266588,0.9983897665266588,0.0009152832738006378
0.9983897665266588,0.9984919517880368,0.0010174685351787005
0.9985941370494148,0.9985941370494149,0.0011196537965567632
0.9985941370494148,0.9978667092766262,0.0003922260237680941
0.9971392815038376,0.9971392815038376,0.000335201749020575
0.9971392815038376,0.9971999516109193,0.0002745316419388022
0.9972606217180012,0.9972606217180011,0.0002138615348570294
0.9972606217180012,0.9974696212453187,4.86200753946342e-06
0.9976786207726364,0.9976786207726362,0.00020413751977810257
0.9976786207726364,0.9976378259025784,0.00016334264972028834
0.9975970310325208,0.9975970310325206,0.0001225477796624741
0.9975970310325208,0.9979125537664262,0.00043807051356803406
0.9982280765003321,0.9982280765003317,0.000753593247473594
0.9982280765003321,0.9978011619564253,0.00032667870356717366
0.9973742474125192,0.9973742474125189,0.0001002358403392467
0.9973742474125192,0.9973830638577195,9.141939513868103e-05
0.9973918803029205,0.99739188030292,8.260294993811534e-05
0.9973918803029205,0.9969498401793055,0.0005246430735525998
0.9965078000556914,0.9965078000556911,0.0009666831971670842
0.9965078000556914,0.9962691747397954,0.001205308513062775
0.9960305494239,0.9960305494238997,0.0014439338289584658
0.9960305494239,0.9968002060174976,0.0006742772353605098
0.9975698626110958,0.9975698626110956,9.537935823744625e-05
0.9975698626110958,0.9975572071532736,8.272390041541566e-05
0.9975445516954518,0.9975445516954515,7.006844259338507e-05
0.9975445516954518,0.9974028795950147,7.160365784342204e-05
0.9972612074945781,0.9972612074945779,0.00021327575828022916
0.9972612074945781,0.9970966218130963,0.0003778614397618174
0.9969320361316151,0.9969320361316147,0.0005424471212434057
0.9969320361316151,0.9977174770275667,0.00024299377470859973
0.9985029179235191,0.9985029179235188,0.0010284346706606051
0.9985029179235191,0.9980049539728963,0.0005304707200382008
0.9975069900222742,0.9975069900222739,3.2506769415796555e-05
0.9975069900222742,0.9975428327899478,6.834953708967362e-05
0.9975786755576218,0.9975786755576217,0.00010419230476355068
0.9975786755576218,0.9973424767352187,0.00013200651763944915
0.9971062779128158,0.9971062779128157,0.000368205340042449
0.9971062779128158,0.997433536710437,4.09465424211497e-05
0.9977607955080584,0.9977607955080583,0.0002863122552001496
0.9977607955080584,0.9979943464385164,0.0005198631856582203
0.9982278973689745,0.9982278973689744,0.0007534141161162911
0.9982278973689745,0.9979134838287168,0.00043900057585866126
0.9975990702884593,0.9975990702884592,0.00012458703560103146
0.9975990702884593,0.9976077808896158,0.0001332976367576233
0.9976164914907726,0.9976164914907724,0.00014200823791421513
0.9976164914907726,0.9980255224777643,0.0005510392249061802
0.9984345534647564,0.9984345534647563,0.0009600702118981452
0.9984345534647564,0.9981795807339229,0.0007050974810647315
0.9979246080030895,0.9979246080030895,0.0004501247502313177
0.9979246080030895,0.9971346271815011,0.00033985607135700313
0.9963446463599129,0.9963446463599128,0.001129836892945324
0.9963446463599129,0.9972980622081673,0.0001764210446908443
0.9982514780564219,0.9982514780564218,0.0007769948035636354
0.9982514780564219,0.9982991729856654,0.0008246897328072489
0.9983468679149091,0.998346867914909,0.0008723846620508624
0.9983468679149091,0.9975027875907119,2.8304337853723993e-05
0.996658707266515,0.9966587072665147,0.0008157759863434144
0.996658707266515,0.9971542880148905,0.0003201952379676687
0.9976498687632666,0.9976498687632662,0.00017538551040807704
0.9976498687632666,0.9973571325161423,0.00011735073671581553
0.9970643962690189,0.9970643962690184,0.0004100869838397081
0.9970643962690189,0.9969487899748117,0.000525693278046413
0.9968331836806056,0.996833183680605,0.0006412995722531178
0.9968331836806056,0.9975526779193415,7.81946664833999e-05
0.9982721721580786,0.9982721721580781,0.0007976889052199176
0.9982721721580786,0.9980678353387773,0.0005933520859191521
0.9978634985194771,0.9978634985194765,0.0003890152666183866
0.9978634985194771,0.9978546468662569,0.00038016361339876514
0.9978457952130378,0.9978457952130373,0.0003713119601791437
0.9978457952130378,0.9972081435502709,0.00026633970258727047
0.9965704918875051,0.9965704918875045,0.0009039913653536846
0.9965704918875051,0.9965646483109123,0.0009098349419458529
0.9965588047343209,0.9965588047343201,0.0009156785185380212
0.9965588047343209,0.9970802802079997,0.00039420304485848767
0.9976017556816799,0.9976017556816792,0.00012727242882104584
0.9976017556816799,0.9982661442923557,0.0007916610394975709
0.998930532903033,0.9989305329030322,0.001456049650174096
0.998930532903033,0.9980688190390756,0.0005943357862174814
0.9972071051751199,0.997207105175119,0.00026737807773913325
0.9972071051751199,0.9969463849379578,0.0005280983149003049
0.9966856647007977,0.9966856647007967,0.0007888185520614766
0.9966856647007977,0.9968957779635137,0.00057870528934445
0.9971058912262316,0.9971058912262307,0.0003685920266274234
0.9971058912262316,0.9972186682674912,0.00025581498536697556
0.9973314453087525,0.9973314453087516,0.0001430379441065277
0.9973314453087525,0.9976575265818295,0.000183043328971344
0.9979836078549083,0.9979836078549074,0.0005091246020492157
0.9979836078549083,0.9980193058411309,0.0005448225882727087
0.9980550038273551,0.9980550038273543,0.0005805205744962016
0.9980550038273551,0.9974406549447181,3.382830814002702e-05
0.9968263060620826,0.9968263060620819,0.0006481771907762557
0.9968263060620826,0.9970580727240264,0.00041641052883178986
0.9972898393859716,0.9972898393859708,0.00018464386688732404
0.9972898393859716,0.9973170764629147,0.00015740678994347057
0.9973443135398594,0.9973443135398585,0.0001301697129996171
0.9973443135398594,0.9981821165097684,0.0007076332569102561
0.999019919479679,0.9990199194796783,0.0015454362268201294
0.999019919479679,0.9983879204640937,0.0009134372112356015
0.9977559214485101,0.9977559214485092,0.00028143819565107364
0.9977559214485101,0.9976004454481271,0.00012596219526894714
0.9974449694477457,0.997444969447745,2.951380511317936e-05
0.9974449694477457,0.9972415736728988,0.00023290957995936168
0.9970381778980535,0.9970381778980526,0.000436305354805544
0.9970381778980535,0.9971993092131026,0.00027517403975552135
0.9973604405281536,0.9973604405281526,0.0001140427247054987
0.9973604405281536,0.9977008839824868,0.00022640072962865077
0.9980413274368218,0.998041327436821,0.0005668441839628002
0.9980413274368218,0.9974648111311397,9.672121718429239e-06
0.9968882948254594,0.9968882948254585,0.0005861884273996587
0.9968882948254594,0.996788326902298,0.0006861563505601298
0.9966883589791384,0.9966883589791375,0.0007861242737206009
0.9966883589791384,0.9971627212845509,0.0003117619683072892
0.9976370835899652,0.9976370835899642,0.0001626003371060225
0.9976370835899652,0.9980245123722531,0.0005500291193949458
0.9984119411545429,0.998411941154542,0.0009374579016838691
0.9984119411545429,0.9977283800855143,0.00025389683265619745
0.9970448190164876,0.9970448190164867,0.0004296642363714742
0.9970448190164876,0.9968684670556982,0.000606016197159942
0.9966921150949106,0.9966921150949097,0.0007823681579484099
0.9966921150949106,0.997128315332016,0.0003461679208421886
0.9975645155691231,0.9975645155691222,9.003231626403263e-05
0.9975645155691231,0.9976656628684926,0.0001911796156344181
0.9977668101678637,0.997766810167863,0.00029232691500480357
0.9977668101678637,0.9976384927830154,0.00016400953015727193
0.9975101753981687,0.9975101753981679,3.56921453097403e-05
0.9975101753981687,0.9973746234997787,9.98597530794676e-05
0.9972390716013901,0.9972390716013895,0.0002354116514686755
0.9972390716013901,0.9979479450811628,0.00047346182830465544
0.9986568185609367,0.9986568185609361,0.0011823353080779864
0.9986568185609367,0.9980119072441365,0.0005374239912783185
0.9973669959273375,0.9973669959273368,0.00010748732552134932
0.9973669959273375,0.9977342491570151,0.0002597659041569944
0.998101502386694,0.9981015023866935,0.0006270191338353381
0.998101502386694,0.9973509095788348,0.0001235736740233806
0.9966003167709766,0.996600316770976,0.0008741664818820993
0.9966003167709766,0.9972603755562011,0.0002141076966570843
0.9979204343414267,0.9979204343414261,0.00044595108856793075
0.9979204343414267,0.997895857878868,0.00042137462600988496
0.9978712814163107,0.99787128141631,0.00039679816345183916
0.9978712814163107,0.9982852341504629,0.0008107508976047395
0.9986991868846165,0.9986991868846158,0.0012247036317576399
0.9986991868846165,0.9980886876836164,0.000614204430758214
0.9974781884826176,0.9974781884826169,3.7052297587880645e-06
0.9974781884826176,0.997694249132577,0.0002197658797188362
0.9979103097825377,0.997910309782537,0.00043582652967888436
0.9979103097825377,0.9975389337256412,6.445047278302862e-05
0.997167557668746,0.9971675576687453,0.0003069255841128271
0.997167557668746,0.9972431766062364,0.00023130664662174283
0.997318795543728,0.9973187955437275,0.00015568770913065855
0.997318795543728,0.9975957501278735,0.00012126687501534672
0.99787270471202,0.9978727047120195,0.000398221459161352
0.99787270471202,0.9976690160296768,0.00019453277681868997
0.9974653273473348,0.9974653273473342,9.155905523972052e-06
0.9974653273473348,0.9976377599658179,0.0001632767129597923
0.9978101925843023,0.9978101925843017,0.00033570933144355664
0.9978101925843023,0.9976153599677924,0.00014087671493423493
0.9974205273512835,0.9974205273512831,5.3955901575086784e-05
0.9974205273512835,0.9976640275218244,0.00018954426896622412
0.9979075276923661,0.9979075276923657,0.000433044439507535
0.9979075276923661,0.9982847308241372,0.0008102475712790103
0.9986619339559091,0.9986619339559086,0.0011874507030504855
0.9986619339559091,0.9982085909718276,0.0007341077189694234
0.997755247987747,0.9977552479877465,0.0002807647348883613
0.997755247987747,0.9973109680333475,0.00016351521951063486
0.996866688078949,0.9968666880789485,0.000607795173909631
0.996866688078949,0.9968769188858955,0.0005975643669626773
0.9968871496928428,0.9968871496928424,0.0005873335600157237
0.9968871496928428,0.9972949631578545,0.00017952009500366017
0.9977027766228668,0.9977027766228665,0.00022829337000840333
0.9977027766228668,0.9978425753904767,0.00036809213761856974
0.9979823741580871,0.9979823741580869,0.0005078909052287361
0.9979823741580871,0.9976553103984167,0.00018082714555855972
0.9973282466387469,0.9973282466387465,0.0001462366141116167
0.9973282466387469,0.9972249534484838,0.0002495298043743155
0.9971216602582215,0.9971216602582211,0.0003528229946370143
0.9971216602582215,0.9976686378701106,0.0001941546172524733
0.9982156154820004,0.9982156154820001,0.0007411322291419609
0.9982156154820004,0.9984955346061424,0.0010210513532842302
0.9987754537302851,0.9987754537302846,0.0013009704774264996
0.9987754537302851,0.9984016049599693,0.0009271217071111781
0.9980277561896544,0.998027756189654,0.0005532729367958567
0.9980277561896544,0.9972471031836565,0.00022738006920164366
0.9964664501776594,0.996466450177659,0.001008033075199144
0.9964664501776594,0.9967005638620652,0.0007739193907929653
0.9969346775464717,0.9969346775464714,0.0005398057063867867
0.9969346775464717,0.9973246455801155,0.0001498376727426809
0.9977146136137598,0.9977146136137596,0.00024013036090142492
0.9977146136137598,0.9978926330173531,0.0004181497644949461
0.9980706524209468,0.9980706524209466,0.0005961691680884673
0.9980706524209468,0.9975254337915932,5.095053873505062e-05
0.99698021516224,0.9969802151622398,0.0004942680906183661
0.99698021516224,0.9967588608850493,0.0007156223678088658
0.996537506607859,0.9965375066078588,0.0009369766449993655
0.996537506607859,0.9966218110778078,0.0008526721750503619
0.996706115547757,0.9967061155477568,0.0007683677051013582
0.996706115547757,0.9969030904440632,0.0005713928087949238
0.9971000653403699,0.9971000653403697,0.00037441791248848943
0.9971000653403699,0.9978121914939819,0.00033770824112377973
0.9985243176475944,0.9985243176475942,0.001049834394736049
0.9985243176475944,0.9976916498851307,0.0002171666322725585
0.9968589821226673,0.9968589821226672,0.0006155011301909319
0.9968589821226673,0.9965342249028865,0.0009402583499716899
0.9962094676831058,0.9962094676831057,0.0012650155697524479
0.9962094676831058,0.9960255482896911,0.0014489349631670034
0.9958416288962767,0.9958416288962766,0.001632854356581559
0.9958416288962767,0.9967547834952961,0.0007196997575620312
0.9976679380943158,0.9976679380943156,0.00019345484145749658
0.9976679380943158,0.9978573333535817,0.0003828501007235863
0.9980467286128479,0.9980467286128478,0.000572245359989676
0.9980467286128479,0.9971802225675488,0.00029426068530935545
0.99631371652225,0.9963137165222498,0.0011607667306083869
0.99631371652225,0.9965686691860522,0.0009058140668058989
0.9968236218498551,0.9968236218498547,0.000650861403003411
0.9968236218498551,0.997213559136048,0.00026092411681011285
0.9976034964222416,0.9976034964222413,0.0001290131693831853
0.9976034964222416,0.9976744461262226,0.0001999628733644343
0.9977453958302042,0.9977453958302038,0.0002709125773456833
0.9977453958302042,0.998004233526945,0.0005297502740868598
0.9982630712236866,0.9982630712236862,0.0007885879708280363
0.9982630712236866,0.9984665920691798,0.000992108816321613
0.9986701129146738,0.9986701129146733,0.0011956296618151896
0.9986701129146738,0.9978527549542981,0.00037827170144000277
0.9970353969939235,0.997035396993923,0.00043908625893518405
0.9970353969939235,0.9971329862557172,0.0003414969971409221
0.9972305755175119,0.9972305755175115,0.0002439077353466601
0.9972305755175119,0.9973191428464745,0.00015534040638365276
0.9974077101754378,0.9973191428464745,0.00015534040638365276
