"Time (s)","Gyroscope x (rad/s)","Gyroscope y (rad/s)","Gyroscope z (rad/s)","Absolute (rad/s)"
2.704479167E-2,-8.607026935E-2,2.321633995E-1,-2.354604658E-5,2.476043939E-1
3.696179167E-2,-9.510563314E-2,2.495712936E-1,1.685123518E-2,2.676095592E-1
4.687879167E-2,-6.616745889E-2,1.889915615E-1,1.162717771E-2,2.005770032E-1
5.679579167E-2,-2.550454624E-2,6.593748182E-2,3.075233893E-3,7.076503693E-2
6.671179167E-2,2.522547543E-2,-5.803506076E-2,-4.863915499E-3,6.346692495E-2
7.662879167E-2,5.542674661E-2,-1.553506255E-1,-4.755186848E-3,1.650107660E-1
8.654579167E-2,6.662774086E-2,-1.925155818E-1,-7.120606955E-3,2.038435875E-1
9.646279167E-2,5.517745763E-2,-1.423178464E-1,-1.259114966E-2,1.531582786E-1
1.063787917E-1,2.006181516E-2,-4.677694291E-2,-1.852281019E-2,5.416320996E-2
1.162957917E-1,-1.560782455E-2,5.512816086E-2,-1.323694643E-2,5.880420953E-2
1.262127917E-1,-4.438114911E-2,1.148154587E-1,6.370310672E-3,1.232593072E-1
1.361297917E-1,-4.807630554E-2,1.259925514E-1,1.223577932E-2,1.354074166E-1
1.460452500E-1,-3.195938841E-2,9.001112729E-2,8.751831949E-3,9.591663102E-2
1.559622500E-1,-8.837574162E-3,2.024543658E-2,2.013357356E-3,2.218184003E-2
1.658792500E-1,1.722065732E-2,-4.787955433E-2,-7.238395046E-4,5.088739240E-2
1.757962500E-1,3.248998523E-2,-8.755695820E-2,3.084962955E-4,9.339119465E-2
1.857132500E-1,3.434114903E-2,-9.022038430E-2,-3.720067441E-3,9.660678631E-2
1.956292500E-1,2.150229551E-2,-5.455383658E-2,-5.609943997E-3,5.890620740E-2
2.055462500E-1,-6.394926459E-4,-3.641010262E-4,-2.119338838E-3,2.243461057E-3
2.154632500E-1,-1.901244745E-2,4.793067649E-2,9.478731081E-4,5.157248656E-2
2.253802500E-1,-2.285325900E-2,7.213694602E-2,3.143915674E-3,7.573568930E-2
2.352962500E-1,-2.489833906E-2,5.582373217E-2,4.282708280E-3,6.127444779E-2
2.452132500E-1,-8.402719162E-3,2.408471145E-2,3.787360620E-3,2.578804210E-2
2.551302500E-1,6.496238522E-3,-1.514638215E-2,9.191341233E-4,1.650632651E-2
2.650472500E-1,1.494112238E-2,-4.733041674E-2,-1.845226972E-3,4.966699457E-2
2.749632500E-1,1.990369707E-2,-5.127204210E-2,-1.199527993E-3,5.501289235E-2
2.848802500E-1,1.315737888E-2,-3.490079194E-2,-2.925788984E-3,3.741312789E-2
2.947972500E-1,2.949157264E-3,-6.804483943E-3,3.208443522E-4,7.423036535E-3
3.047142500E-1,-9.314166382E-3,2.328710444E-2,-7.257098332E-6,2.508072928E-2
3.146302500E-1,-1.626910642E-2,4.066114873E-2,3.957076464E-3,4.397352946E-2
3.245472500E-1,-1.298276521E-2,3.218191117E-2,2.577026375E-3,3.479753819E-2
3.344642500E-1,-5.568815395E-3,1.353603788E-2,3.063642653E-4,1.464000975E-2
3.443812500E-1,5.597286392E-3,-7.513587363E-3,-6.142905913E-4,9.389406954E-3
3.542982500E-1,1.088023186E-2,-2.579288743E-2,-2.163931495E-4,2.799463008E-2
3.642142500E-1,1.129568461E-2,-2.936844714E-2,1.841165009E-3,3.151964573E-2
3.741312500E-1,6.337489467E-3,-1.578449644E-2,-9.962625336E-4,1.703838724E-2
3.840482500E-1,-8.232183754E-4,3.233673051E-4,-5.658958107E-4,1.049996655E-3
3.939652500E-1,-6.869466044E-3,1.773320325E-2,1.318873023E-3,1.906293490E-2
4.038812500E-1,-8.328345604E-3,2.293409035E-2,-1.442676876E-4,2.439989044E-2
4.137982500E-1,-5.900039338E-3,1.775959134E-2,1.397677814E-3,1.876611446E-2
4.237152500E-1,-3.334083594E-3,6.972724572E-3,8.887477452E-4,7.779773385E-3
4.336322500E-1,3.790196497E-3,-8.929415606E-3,-2.545059193E-3,1.002882739E-2
4.435482500E-1,4.654125776E-3,-1.701344177E-2,-1.733594108E-3,1.772352776E-2
4.534652500E-1,3.332211170E-3,-1.372074429E-2,-1.315840054E-3,1.418075774E-2
4.633822500E-1,2.941258717E-3,-1.035584044E-2,9.643584490E-4,1.080853465E-2
4.732992500E-1,-6.387140602E-4,1.745285699E-3,-1.746594091E-3,2.550405603E-3
4.832162500E-1,-3.158863634E-3,1.060615480E-2,-9.300688980E-4,1.110558271E-2
4.931322500E-1,-5.941344425E-3,1.479546912E-2,2.461292781E-3,1.613268242E-2
5.030492500E-1,-3.835316747E-3,8.730652742E-3,-1.515605720E-3,9.655620775E-3
5.129662500E-1,-4.782602191E-4,3.475670237E-4,8.984806482E-4,1.075547836E-3
5.228832500E-1,2.028573304E-3,-8.037395775E-3,1.481446438E-3,8.420779302E-3
5.327992500E-1,4.580027424E-3,-9.944392368E-3,-6.656931946E-4,1.096862517E-2
5.427162500E-1,1.017250586E-3,-5.166148767E-3,6.664200919E-4,5.307354103E-3
5.526332500E-1,1.003365964E-3,-1.754080877E-4,-3.077395959E-4,1.064055879E-3
5.625502500E-1,1.337592490E-3,3.195621306E-3,-2.082736464E-3,4.042145517E-3
5.724672500E-1,-2.190375701E-3,8.719051257E-3,-5.970348138E-5,8.990170467E-3
5.823832500E-1,-2.281456254E-3,8.385623805E-3,-5.979283014E-4,8.710984301E-3
5.923002500E-1,-1.820828766E-3,1.679713139E-3,1.557632233E-3,2.926272680E-3
6.022172500E-1,2.332104370E-3,3.934062552E-4,-1.128698350E-3,2.620579943E-3
6.121342500E-1,2.461749129E-3,-4.304883070E-3,-6.558395107E-4,5.002234749E-3
6.220502500E-1,2.244435251E-3,-2.655320801E-3,6.464462494E-4,3.536398013E-3
6.319672500E-1,4.556113854E-4,-3.517281730E-3,-3.073093016E-3,4.692840631E-3
6.418842500E-1,-7.638502866E-4,-2.628987422E-4,-1.809002133E-4,8.278332539E-4
6.518012500E-1,-1.439392567E-3,8.895972278E-4,-1.585480291E-3,2.318832021E-3
6.617182500E-1,-2.930763178E-3,4.945325200E-3,5.692833802E-4,5.776651080E-3
6.716342500E-1,-6.764000282E-4,1.564631704E-3,2.587892814E-4,1.724111731E-3
6.815512500E-1,-4.822555929E-4,-1.279091695E-3,1.034035347E-3,1.714023081E-3
6.914682500E-1,1.646930818E-3,-3.328233492E-3,7.339894073E-4,3.785268781E-3
7.013852500E-1,-1.670569181E-3,-6.921370514E-3,9.132201085E-4,7.178449843E-3
7.113022500E-1,9.233918972E-4,-2.065951703E-3,-1.014180481E-3,2.479792549E-3
7.212182500E-1,9.478931315E-4,-6.976196310E-4,1.872952445E-3,2.212041003E-3
7.311352500E-1,4.199249670E-4,9.017742705E-4,1.389534678E-3,1.708900358E-3
7.410522500E-1,-8.802302182E-4,2.320972970E-3,-7.836046279E-4,2.603028424E-3
7.509692500E-1,-3.866013139E-4,2.583046211E-3,1.888808678E-3,3.223226105E-3
7.608862500E-1,-3.893185407E-3,2.423789119E-3,9.748117300E-4,4.688486346E-3
7.708022500E-1,1.543788239E-4,-4.486964084E-3,1.714952290E-3,4.806010910E-3
7.807192500E-1,8.124457672E-4,-4.064687528E-4,-3.481985768E-4,9.728963051E-4
7.906362500E-1,3.442550078E-4,-8.074640064E-4,-2.374293981E-4,9.093307160E-4
8.005532500E-1,7.812795229E-4,-1.794165117E-3,-1.578330994E-3,2.514071376E-3
8.104692500E-1,-2.776091918E-3,2.519090194E-4,-4.118453944E-4,2.817758173E-3
8.203862500E-1,-7.555512711E-4,2.252475824E-3,-7.908131811E-4,2.503974950E-3
8.303032500E-1,-2.060140483E-3,4.770910367E-3,7.695355453E-4,5.253375058E-3
8.402202500E-1,-2.978132106E-3,1.748269424E-4,-4.592470359E-4,3.018400759E-3
8.501372500E-1,-2.189317718E-3,-1.198481536E-3,2.882038243E-4,2.512475175E-3
8.600532500E-1,3.028081264E-3,-1.358004753E-3,-6.010256475E-4,3.372637674E-3
8.699702500E-1,-3.233281896E-4,3.779518884E-4,-6.665502442E-4,8.316717959E-4
8.798872500E-1,4.580430686E-4,-2.040464664E-3,-1.102509676E-3,2.364070025E-3
8.898042500E-1,-3.059301525E-4,-1.771592069E-4,-1.089714002E-3,1.145624393E-3
8.997212500E-1,1.880861819E-4,3.674572799E-4,1.523646060E-3,1.578574858E-3
9.096372500E-1,2.368882764E-3,2.976238262E-3,-6.339873653E-5,3.804421000E-3
9.195542500E-1,-3.326274455E-4,3.113923594E-3,1.398676657E-3,3.429789725E-3
9.294712500E-1,-3.316641785E-3,7.158748340E-4,1.946803997E-3,3.911858294E-3
9.393882500E-1,3.129802644E-4,8.453044575E-4,-8.609666256E-4,1.246499018E-3
9.493052500E-1,6.624497473E-6,-1.993241720E-3,5.266342778E-4,2.061649849E-3
9.592212500E-1,-9.049754590E-4,-1.188168186E-3,1.045151614E-3,1.822927896E-3
9.691382500E-1,1.273569185E-3,6.525760982E-4,6.898683496E-4,1.588632234E-3
9.790552500E-1,1.139878761E-3,1.643005526E-3,-5.146794720E-4,2.064869416E-3
9.889722500E-1,9.668804705E-5,2.217950998E-3,-8.040871471E-4,2.361188546E-3
9.988892500E-1,-1.225039363E-3,-1.398355351E-3,1.468388131E-3,2.369025713E-3
1.008805250E0,-3.931739368E-3,-3.088567639E-3,-1.162353903E-3,5.133117095E-3
1.018722250E0,-6.310176104E-4,-3.312805900E-3,5.337910261E-5,3.372790460E-3
1.028639250E0,1.966688782E-3,-3.989920020E-3,-1.503681415E-3,4.695570714E-3
1.038556250E0,2.843700349E-4,-3.594174050E-3,2.677215263E-3,4.490705399E-3
1.048473250E0,1.743688248E-3,2.208970953E-3,4.765242338E-4,2.854308449E-3
1.058390250E0,1.279232558E-3,1.319741365E-3,1.718622632E-3,2.516310187E-3
1.068306250E0,5.872282200E-4,8.742052596E-4,1.265585190E-3,1.646443953E-3
1.078223250E0,1.070325263E-3,1.769559924E-3,2.758553252E-3,3.447688288E-3
1.088140250E0,-3.880076110E-4,1.035773894E-3,1.058770576E-3,1.531134416E-3
1.098057250E0,-4.083409905E-3,-7.685177261E-4,-4.017069004E-4,4.174472947E-3
1.107974250E0,-5.215480924E-4,-1.212722505E-3,-3.235226963E-3,3.494195442E-3
1.117890250E0,-6.925230846E-4,3.785162698E-4,2.752358327E-3,2.863274201E-3
1.127807250E0,-4.828842357E-4,-2.208544174E-3,1.747872448E-4,2.267464473E-3
1.137724250E0,-1.521517523E-3,-4.958653590E-4,1.393183367E-3,2.121758215E-3
1.147641667E0,3.987457603E-5,1.729111886E-3,-1.846340834E-3,2.529899676E-3
1.157558667E0,-3.136744723E-3,-1.038178685E-3,3.120987210E-3,4.545057052E-3
1.167474667E0,1.282469835E-3,-1.107974793E-3,2.017094521E-3,2.634579155E-3
1.177391667E0,1.202308573E-3,1.608982217E-3,-9.505858179E-5,2.010822173E-3
1.187308667E0,-1.459978521E-4,-1.455247868E-3,-3.543199971E-3,3.833187677E-3
1.197225667E0,-3.438713029E-4,-4.725415492E-4,-7.940188516E-4,9.859051300E-4
1.207142667E0,-1.376507804E-3,-9.209082928E-4,-2.694632858E-4,1.677932144E-3
1.217058667E0,-1.493236050E-4,6.442314480E-4,-1.899317838E-3,2.011153885E-3
1.226975667E0,-3.698281944E-4,3.000622615E-3,-1.545304083E-3,3.395360611E-3
1.236892667E0,-1.337088645E-3,-1.030071639E-3,1.356209861E-3,2.165215650E-3
1.246809667E0,-3.108866513E-4,2.589577343E-4,-5.355544388E-3,5.370806766E-3
1.256726667E0,7.780804299E-4,-3.190901130E-3,1.197696081E-3,3.495959823E-3
1.266643667E0,2.780506853E-3,6.858219858E-4,-1.897252630E-3,3.435278402E-3
1.276559667E0,4.011392593E-5,1.209655311E-4,-2.263854258E-4,2.597925091E-4
1.286476667E0,2.104419749E-3,-1.248982502E-3,8.034044877E-4,2.575654973E-3
1.296393667E0,-1.454629004E-3,1.513514435E-3,-1.082113478E-3,2.361703001E-3
1.306310667E0,2.021649852E-4,6.738088559E-4,2.989850938E-3,3.071497630E-3
1.316227667E0,7.427865639E-4,1.241324935E-4,5.426724674E-4,9.282425127E-4
1.326143667E0,9.838910773E-4,2.841667738E-4,1.889236504E-3,2.148954857E-3
1.336060667E0,-1.601506025E-3,-3.235466778E-3,-6.953614065E-4,3.676492120E-3
1.345977667E0,7.491591386E-4,4.792602267E-4,-8.278398309E-5,8.931869725E-4
1.355894667E0,-1.985641196E-3,-5.110181868E-3,-8.018374210E-4,5.540728556E-3
1.365811667E0,-1.850631088E-5,-2.086173045E-4,-8.739659679E-4,8.987102850E-4
1.375728667E0,-8.390266448E-4,1.215375029E-3,-6.969133392E-5,1.478498919E-3
1.385644667E0,1.679301728E-3,1.955056796E-3,1.056175330E-3,2.785284132E-3
1.395561667E0,1.150930300E-3,1.351051731E-3,-9.672943852E-4,2.021296555E-3
1.405478667E0,4.612398334E-4,-1.281358302E-3,2.300657099E-3,2.673507877E-3
1.415395667E0,1.187217887E-3,-4.086199217E-3,9.517658036E-4,4.360317476E-3
1.425312667E0,6.525563076E-4,-2.210042439E-3,8.761155186E-4,2.465298303E-3
1.435228667E0,-1.737098210E-3,-4.227951868E-4,-7.891589776E-4,1.954235874E-3
1.445145667E0,-2.395033836E-3,-6.609330885E-4,-1.836652402E-3,3.089710613E-3
1.455062667E0,2.255111933E-3,1.735112863E-3,-7.498163031E-4,2.942510996E-3
1.464979667E0,-2.155018039E-3,-5.945814773E-4,-1.820922713E-3,2.883294887E-3
1.474896667E0,-3.067417070E-3,-7.873943541E-4,2.343462314E-3,3.939651377E-3
1.484813667E0,-1.121266745E-3,-7.414737483E-4,-3.846714972E-4,1.398211212E-3
1.494729667E0,1.969597768E-3,1.769620692E-3,9.869225323E-5,2.649643924E-3
1.504646667E0,1.879042480E-3,-1.736524282E-4,-2.178537892E-3,2.882183748E-3
1.514563667E0,4.265541211E-4,1.882307930E-3,1.052941894E-3,2.198571853E-3
1.524480667E0,2.387552056E-3,4.579646513E-3,-5.706818774E-4,5.196079754E-3
1.534397667E0,-2.838369459E-3,7.758536376E-4,9.939251468E-4,3.105829559E-3
1.544314667E0,-1.752013341E-3,-2.126020845E-4,-1.053730375E-3,2.055504341E-3
1.554230667E0,1.657288522E-4,-2.340201521E-3,8.503731806E-5,2.347603152E-3
1.564147667E0,-4.192022607E-4,-1.023040270E-3,3.199679777E-4,1.150965436E-3
1.574064667E0,-5.435720086E-4,1.063546399E-3,-7.466280367E-4,1.408564836E-3
1.583981667E0,-1.489280723E-3,3.143537324E-3,-1.256313408E-4,3.480742336E-3
1.593898667E0,-1.132255420E-4,3.747009672E-3,-3.906787373E-3,5.414414935E-3
1.603814667E0,3.415606916E-4,-9.073817637E-4,-7.548218127E-5,9.724725861E-4
1.613731667E0,6.696623750E-4,-5.451919278E-4,-7.652408676E-4,1.153809135E-3
1.623648667E0,9.396695532E-4,1.324838493E-3,3.453439567E-4,1.660553628E-3
1.633565667E0,2.192845568E-4,-2.405983862E-3,-4.344296176E-4,2.454704290E-3
1.643482667E0,-6.139986217E-4,1.699047396E-3,3.556202864E-4,1.841255590E-3
1.653399667E0,2.326201648E-4,1.134990016E-3,-6.838114932E-4,1.345329936E-3
1.663315667E0,-2.556800842E-3,-1.764248125E-3,7.213789504E-4,3.189073468E-3
1.673232667E0,-1.232943498E-3,4.610891920E-4,-8.679956663E-4,1.576759141E-3
1.683149667E0,1.071254257E-3,5.984320305E-4,2.749112900E-3,3.010536218E-3
1.693066667E0,5.197133869E-4,-5.821472732E-4,1.171988668E-3,1.408032276E-3
1.702983667E0,-5.664313212E-4,-1.094963169E-3,-6.160337944E-4,1.378146008E-3
1.712900667E0,-3.891121596E-3,-1.187907532E-3,-2.912477590E-3,5.003446541E-3
1.722816667E0,-1.455796883E-3,-2.494963584E-3,-1.882729353E-3,3.448022284E-3
1.732733667E0,-2.199350856E-3,1.100303838E-3,-7.173300255E-4,2.561713312E-3
1.742650667E0,-2.680996433E-3,1.967597054E-3,-2.689145738E-3,4.276761022E-3
1.752567667E0,-1.140357926E-3,-1.323803561E-3,-1.300040982E-3,2.177838062E-3
1.762484667E0,-4.528369755E-4,8.208418731E-4,2.476919908E-4,9.696360293E-4
1.772401667E0,-8.158255368E-4,9.007367771E-4,-2.361939522E-3,2.656248549E-3
1.782317667E0,-8.631907403E-4,-4.256903194E-4,-1.207820605E-3,1.544390209E-3
1.792234667E0,2.152838744E-3,-2.967932960E-4,9.836945683E-4,2.385467653E-3
1.802151667E0,-4.246272147E-4,-4.643324064E-4,1.541827805E-3,1.665276504E-3
1.812068667E0,-2.112804912E-3,-1.367635559E-4,-6.616716273E-4,2.218210587E-3
1.821985667E0,7.340004668E-4,5.416597705E-4,1.028957311E-3,1.375101865E-3
1.831902667E0,-2.918485552E-4,1.845543506E-3,-1.584668877E-3,2.449975889E-3
1.841818667E0,-2.593947574E-4,9.574817959E-4,-2.168041188E-3,2.384210482E-3
1.851735667E0,-7.571391761E-4,-1.117773354E-4,-5.285993684E-4,9.301457934E-4
1.861652667E0,-1.948948018E-3,-4.421920748E-4,-2.344488399E-3,3.080674936E-3
1.871569667E0,-1.648543403E-3,1.502714353E-3,4.630160984E-4,2.278207559E-3
1.881486667E0,-1.366505399E-3,-2.137345029E-3,-1.544353319E-3,2.969950834E-3
1.891403667E0,9.392593056E-4,2.505077515E-3,-1.139020314E-3,2.907746322E-3
1.901319667E0,-1.570982859E-3,-1.195934601E-4,-1.055351342E-3,1.896327027E-3
1.911236667E0,6.865789182E-4,2.186279744E-4,-2.364292741E-4,7.583453064E-4
1.921153667E0,2.091151662E-3,-1.218086109E-3,-3.859022399E-4,2.450626365E-3
1.931070667E0,-9.222151712E-4,-3.173378995E-3,1.318254624E-3,3.557894085E-3
1.940987667E0,-3.154389560E-5,2.643422922E-3,-1.793058007E-3,3.194328846E-3
1.950904667E0,-1.571384259E-3,3.959811293E-4,1.253598370E-3,2.048794381E-3
1.960820667E0,-8.832374588E-4,-1.216988312E-4,-2.506993478E-4,9.261582894E-4
1.970737667E0,1.064331736E-3,3.406258766E-4,5.583046004E-5,1.118903514E-3
1.980654667E0,-1.390295103E-3,5.314166192E-4,3.537380835E-4,1.529854480E-3
1.990571667E0,-7.042651996E-4,-1.418304164E-4,3.586282954E-3,3.657530692E-3
2.000488667E0,-3.571212292E-4,-8.222335018E-4,9.054341353E-4,1.274132833E-3
2.010404667E0,-4.183743149E-4,-7.468427066E-5,-5.401296075E-4,6.872807291E-4
2.020321667E0,3.376416862E-5,-1.088667079E-3,-5.265367217E-4,1.209783843E-3
2.030238667E0,-4.517296329E-4,3.007040359E-4,-5.856588250E-4,7.984227187E-4
2.040155667E0,-1.359738410E-3,2.501933370E-3,-1.529919682E-4,2.851660161E-3
2.050072667E0,3.135260195E-4,1.631612424E-3,-6.810968043E-4,1.795647661E-3
2.059989667E0,2.634860575E-4,-3.479392733E-3,-6.965035573E-4,3.558189975E-3
2.069905667E0,2.108790446E-3,2.734827111E-3,-2.799851354E-4,3.464775338E-3
2.079822667E0,1.237913035E-3,2.830102807E-3,3.535847180E-3,4.695117236E-3
2.089739667E0,2.351123840E-5,9.009090718E-4,-7.675549714E-4,1.183778091E-3
2.099656667E0,2.130689099E-4,2.398539800E-4,-2.321217209E-3,2.343283513E-3
2.109573667E0,1.139315777E-3,1.349593280E-3,-4.346018657E-3,4.691196076E-3
2.119490667E0,5.367631093E-4,-5.426924909E-4,1.747146482E-3,1.906607092E-3
2.129406667E0,-2.656476572E-4,-8.915620856E-5,4.214250948E-4,5.060796556E-4
2.139323667E0,1.251785085E-3,-2.027584473E-3,-3.436502302E-4,2.407521583E-3
2.149241250E0,6.901244633E-4,1.752239885E-3,2.764258534E-3,3.344808160E-3
2.159158250E0,9.629437700E-4,1.478418475E-3,1.582260476E-3,2.369921962E-3
2.169075250E0,-1.091152430E-3,-3.415139858E-3,6.482899189E-4,3.643360220E-3
2.178992250E0,1.836542040E-3,1.371941529E-3,1.395201660E-3,2.683597939E-3
2.188908250E0,1.177676022E-3,1.602571458E-3,-2.455718350E-4,2.003861676E-3
2.198825250E0,-7.092207670E-4,2.955696778E-3,4.241747083E-4,3.069048994E-3
2.208742250E0,-4.940377548E-4,1.152736600E-3,-4.533367464E-4,1.333562589E-3
2.218659250E0,-1.277178526E-3,-5.732465070E-5,-1.626249985E-3,2.068613090E-3
2.228576250E0,4.987418652E-5,-2.480268711E-3,-2.293105470E-3,3.378247032E-3
2.238493250E0,-6.560739130E-4,4.050352611E-3,-1.101637026E-3,4.248457766E-3
2.248409250E0,-6.392961368E-4,4.193987697E-4,-1.777864527E-4,7.849859243E-4
2.258326250E0,-1.406339929E-3,-1.411429374E-3,-1.053835033E-3,2.253994931E-3
2.268243250E0,1.686541364E-4,1.961996546E-3,-1.805844950E-4,1.977494734E-3
2.278160250E0,-3.691455349E-4,1.379149035E-3,-6.189594278E-4,1.556094875E-3
2.288077250E0,-2.601939254E-3,2.105541062E-4,-7.393342676E-4,2.713122937E-3
2.297994250E0,-6.354730576E-4,3.064680146E-3,-2.141415607E-3,3.792327940E-3
2.307910250E0,7.355222479E-4,4.361402243E-4,-8.612340898E-4,1.213645512E-3
2.317827250E0,-7.183728740E-4,1.731761731E-4,-6.072628312E-4,9.564610390E-4
2.327744250E0,-5.913395435E-4,3.002090380E-4,-1.025937963E-4,6.710688558E-4
2.337661250E0,-3.681452945E-4,8.749470580E-4,-4.265136085E-4,1.040661891E-3
2.347578250E0,3.573000431E-4,-1.394332619E-3,1.593760331E-3,2.147533182E-3
2.357495250E0,-2.233728766E-3,3.121292917E-3,7.646798622E-5,3.838992189E-3
2.367411250E0,-1.963950694E-3,6.429553032E-4,-5.706801312E-4,2.143867921E-3
2.377328250E0,3.146428149E-3,-2.199802548E-4,-3.839854617E-4,3.177396142E-3
2.387245250E0,-1.474688761E-3,-2.788361162E-4,1.198198646E-3,1.920452165E-3
2.397162250E0,-2.385312691E-4,-1.829912653E-4,1.297480194E-3,1.331855031E-3
2.407079250E0,-1.944818534E-3,5.030166358E-5,8.867133874E-5,1.947488638E-3
2.416996250E0,-2.668935806E-3,1.741322689E-3,-1.279083313E-3,3.433872037E-3
2.426912250E0,-1.641754061E-3,-9.340889519E-4,-2.423976082E-3,3.073034106E-3
2.436829250E0,-2.499498427E-3,9.452817030E-4,1.301216194E-3,2.972240480E-3
2.446746250E0,5.391682498E-4,1.590033062E-3,-6.428915076E-4,1.797836764E-3
2.456663250E0,-3.243103623E-3,-2.552868798E-3,1.106730429E-3,4.273138479E-3
2.466580250E0,-3.852701746E-3,-6.756064249E-4,2.778663067E-3,4.797991582E-3
2.476497250E0,-1.641606912E-3,-2.442160621E-5,2.627576003E-3,3.098326213E-3
2.486413250E0,1.900929958E-3,3.436272964E-4,6.509779487E-4,2.038476567E-3
2.496330250E0,1.118219458E-3,-1.307129744E-3,1.586606959E-3,2.340154816E-3
2.506247250E0,-6.304122508E-4,4.042175133E-4,-5.231492687E-4,9.135078332E-4
2.516164250E0,-1.434898935E-3,1.329491148E-3,-4.998915829E-4,2.019003036E-3
2.526081250E0,6.863093004E-4,-9.216788458E-4,1.331297914E-3,1.758654737E-3
2.535998250E0,-3.361422569E-5,2.783797914E-3,1.780879684E-4,2.789691034E-3
2.545914250E0,-3.191046417E-4,-1.363276504E-3,-1.106620883E-3,1.784645729E-3
2.555831250E0,1.517212018E-3,-1.228054753E-3,1.871072687E-3,2.703879395E-3
2.565748250E0,-1.427445561E-3,-1.347364392E-3,1.049487386E-3,2.225851614E-3
2.575665250E0,8.868104778E-4,-1.481343992E-3,-4.741715966E-4,1.790433341E-3
2.585582250E0,3.227535635E-4,1.490743831E-3,8.187931962E-4,1.731158378E-3
2.595498250E0,5.980730057E-4,4.039080814E-3,-6.748419255E-4,4.138511419E-3
2.605415250E0,1.020716503E-3,-1.359678921E-3,-3.012831090E-3,3.459442170E-3
2.615332250E0,-2.234538086E-3,1.305832062E-3,9.595537558E-4,2.760271951E-3
2.625249250E0,-3.695264459E-4,-6.417375989E-4,-2.182100434E-5,7.408462029E-4
2.635166250E0,-1.153795049E-3,3.396807238E-3,-9.311761241E-4,3.706296184E-3
2.645083250E0,2.426559106E-3,-1.703146379E-3,-6.201189244E-4,3.028769414E-3
2.654999250E0,-2.376725897E-4,7.226611488E-4,-1.695962390E-3,1.858767286E-3
2.664916250E0,2.278480679E-4,1.455829479E-3,-2.330061048E-3,2.756907453E-3
2.674833250E0,2.505483571E-3,2.963729203E-4,2.647445071E-4,2.536803991E-3
2.684750250E0,5.962634459E-4,-1.122220419E-5,1.626418671E-3,1.732308785E-3
2.694667250E0,-1.892630942E-3,1.351755578E-3,1.688998425E-3,2.874371359E-3
2.704584250E0,5.550808273E-4,-6.400225684E-4,1.443454996E-3,1.673710231E-3
2.714500250E0,-1.796781085E-3,-2.347221598E-3,1.244741841E-3,3.207374900E-3
2.724417250E0,1.135359053E-3,9.795993101E-4,2.255499130E-4,1.516419385E-3
2.734334250E0,2.109252848E-3,1.022007782E-4,-1.194264973E-3,2.426038211E-3
2.744251250E0,-1.381887123E-4,9.205902461E-4,-6.405938184E-4,1.130019009E-3
2.754168250E0,-1.464337111E-4,-1.650430611E-3,2.771367785E-3,3.228907467E-3
2.764085250E0,-1.088393852E-3,5.112572107E-4,-2.025518101E-3,2.355569716E-3
2.774001250E0,-9.072544053E-4,5.023123696E-3,1.627528341E-3,5.357586278E-3
2.783918250E0,-1.971187070E-3,-7.495441241E-4,-5.237732548E-4,2.172954965E-3
2.793835250E0,-2.764789388E-3,-1.063074218E-3,7.037059404E-4,3.044567162E-3
2.803752250E0,6.560408510E-4,1.577449962E-3,-1.846270752E-3,2.515443037E-3
2.813669250E0,1.824918203E-3,-5.137075204E-4,-1.489140559E-3,2.410759521E-3
2.823585250E0,-7.471628487E-4,5.582147278E-4,2.113849856E-3,2.310458227E-3
2.833502250E0,-9.346622974E-4,2.285036724E-3,-1.955830958E-3,3.149644611E-3
2.843419250E0,6.778817624E-4,-1.420485671E-3,7.672511274E-4,1.750993294E-3
2.853336250E0,-1.197308302E-4,7.912844885E-4,1.602036878E-3,1.790806738E-3
2.863253250E0,2.264064271E-3,-6.026140181E-4,-1.311195083E-3,2.684839515E-3
2.873170250E0,2.894038334E-4,2.227686578E-3,9.089822415E-4,2.423342895E-3
2.883086250E0,4.976633936E-4,-1.244543004E-3,8.072494529E-4,1.564674989E-3
2.893003250E0,5.197152495E-4,5.744008813E-4,-7.228064351E-4,1.059476029E-3
2.902920250E0,-9.641982615E-4,5.658788141E-4,9.501914028E-4,1.467228960E-3
2.912837250E0,-2.195509151E-4,-1.412780257E-3,-3.103552153E-4,1.463034866E-3
2.922754250E0,1.969567034E-3,1.541997073E-3,1.497664838E-3,2.915467243E-3
2.932671250E0,2.069352195E-4,2.545999363E-3,5.645697238E-4,2.616041650E-3
2.942587250E0,1.009413972E-4,4.016223829E-4,1.310254796E-3,1.374138761E-3
2.952504250E0,-1.393459737E-3,-3.177038860E-3,1.115433406E-4,3.470986585E-3
2.962421250E0,-5.815085024E-5,-3.251607297E-3,7.142168470E-4,3.329630196E-3
2.972338250E0,7.137791254E-4,-2.988083521E-3,-1.591607346E-3,3.459962097E-3
2.982255250E0,1.630373299E-4,-7.778103463E-5,4.737128504E-3,4.740571434E-3
2.992171250E0,3.005727660E-3,2.698511118E-3,5.988404155E-6,4.039355998E-3
3.002088250E0,-2.031149343E-4,-1.763713080E-4,-6.542091724E-4,7.073557493E-4
3.012005250E0,3.340290859E-4,1.388658769E-3,2.585727023E-3,2.953968999E-3
3.021922250E0,-1.560011879E-3,4.994294140E-4,6.517397705E-4,1.762904288E-3
3.031839250E0,-1.427740790E-3,-8.874033811E-4,1.212044968E-3,2.072433721E-3
3.041756250E0,-1.078600064E-3,-6.674262695E-4,1.426962088E-3,1.909203164E-3
3.051672250E0,-1.144116744E-3,-1.140622539E-3,-9.023135062E-4,1.850457393E-3
3.061589250E0,-2.851895988E-5,1.299716532E-4,1.890498679E-4,2.311835078E-4
3.071506250E0,-5.448209122E-4,4.458861426E-3,8.339206688E-4,4.568774313E-3
3.081423250E0,1.044819597E-3,1.460674917E-3,4.064834211E-4,1.841316914E-3
3.091340250E0,-1.434674487E-3,-8.972742362E-4,1.902415534E-3,2.546090493E-3
3.101256250E0,6.764135323E-4,-2.381419763E-4,-2.246523276E-3,2.358201369E-3
3.111173250E0,-1.379549503E-3,-2.316292142E-3,-5.432363832E-4,2.750176702E-3
3.121090250E0,-1.104711555E-3,-3.769155592E-5,-2.551788930E-5,1.105648875E-3
3.131007250E0,-3.261798993E-4,-4.575017374E-4,5.287993699E-4,7.715762698E-4
3.140924250E0,1.876254566E-3,6.644879468E-4,-2.154069254E-3,2.932897847E-3
3.150840417E0,-4.309117794E-4,1.443273388E-3,-8.206184721E-4,1.715266076E-3
3.160756417E0,-1.701880246E-4,1.524233492E-3,-2.214250620E-3,2.693539959E-3
3.170673417E0,2.280846238E-4,-1.593504916E-3,1.216239762E-3,2.017552892E-3
3.180590417E0,7.348847575E-4,5.951919593E-5,2.188293729E-3,2.309161663E-3
3.190507417E0,-4.148622975E-4,-1.712969271E-3,-7.021953352E-4,1.897222375E-3
3.200424417E0,-1.157618128E-3,-1.150509575E-3,-4.220308037E-4,1.685782315E-3
3.210340417E0,4.993136972E-4,-1.819804311E-4,-1.910094172E-3,1.982647420E-3
3.220257417E0,-6.229421124E-4,1.525638392E-3,5.679773167E-4,1.743051236E-3
3.230174417E0,2.897428349E-4,-6.985142827E-4,1.709132805E-3,1.868959084E-3
3.240091417E0,1.308402047E-3,2.753741574E-3,5.783544620E-4,3.103143963E-3
3.250008417E0,-5.646506324E-4,-2.065961016E-4,7.539630169E-4,9.643508266E-4
3.259925417E0,7.823761553E-4,1.251750859E-3,1.831744448E-3,2.352505129E-3
3.269841417E0,-7.608719170E-5,1.029916573E-3,1.238795347E-3,1.612802319E-3
3.279758417E0,1.105024479E-3,1.750834286E-3,-4.874656443E-4,2.126998484E-3
3.289675417E0,7.281489670E-4,3.853956470E-3,-1.965789124E-6,3.922140392E-3
3.299592417E0,3.635622561E-4,-6.579707842E-4,-2.196943155E-3,2.321995325E-3
3.309509417E0,2.505249809E-3,1.799696358E-3,1.637458103E-3,3.492341997E-3
3.319425417E0,1.154494472E-3,2.175124828E-4,1.259821933E-3,1.722591207E-3
3.329342417E0,-1.048017293E-3,3.783570137E-4,2.838045591E-3,3.048933757E-3
3.339259417E0,7.130950689E-5,3.294507042E-5,9.309558664E-4,9.342640144E-4
3.349176417E0,1.230673864E-3,1.621885691E-3,1.021163771E-4,2.038504135E-3
3.359093417E0,9.832666256E-4,-5.464601563E-4,-1.873682835E-3,2.185433441E-3
3.369009417E0,1.306139398E-3,7.658938412E-4,-1.668738667E-3,2.253282548E-3
3.378926417E0,1.588491723E-4,9.208896663E-4,1.226383727E-3,1.541845609E-3
3.388843417E0,4.896912724E-4,4.328169394E-3,-6.453586975E-4,4.403332340E-3
3.398760417E0,-1.311302185E-5,-1.474858494E-3,-4.112668103E-4,1.531182523E-3
3.408677417E0,-1.073940657E-3,1.749556744E-3,-2.267949050E-3,3.059066889E-3
3.418593417E0,1.362003386E-4,-2.239059657E-3,8.122529835E-5,2.244668401E-3
3.428510417E0,-3.171795979E-4,-2.178668510E-3,-7.609298918E-4,2.329423464E-3
3.438427417E0,4.687439650E-5,-1.113404054E-3,-2.154828515E-3,2.425933166E-3
3.448344417E0,3.475574777E-4,-1.259767800E-3,-2.053079428E-3,2.433710387E-3
3.458261417E0,-1.347409561E-4,-2.278426895E-3,-2.119125798E-3,3.114494885E-3
3.468178417E0,-7.582092658E-4,-1.283802092E-3,-3.003017046E-4,1.520924132E-3
3.478094417E0,1.886842307E-3,-1.765567809E-3,-1.049448969E-3,2.789040465E-3
3.488011417E0,1.223664731E-4,1.258338802E-3,1.088158460E-3,1.668076416E-3
3.497928417E0,2.454044297E-4,-2.275676001E-3,5.371505395E-4,2.351054082E-3
3.507845417E0,-5.620205775E-4,1.199527411E-3,-2.076691017E-4,1.340842867E-3
3.517762417E0,2.368787769E-3,-4.199409159E-4,-1.159482868E-3,2.670562935E-3
3.527678417E0,-5.649449304E-4,2.151218243E-3,2.074358054E-4,2.233815641E-3
3.537595417E0,-6.400421262E-5,2.601074520E-4,-1.910309889E-3,1.928998782E-3
3.547512417E0,1.195733435E-3,-2.186105587E-3,-9.584305226E-4,2.669723797E-3
3.557429417E0,5.509825423E-4,7.351157255E-4,3.928573569E-4,9.991565417E-4
3.567346417E0,2.031734213E-3,-1.031783991E-3,1.480869600E-3,2.717627070E-3
3.577262417E0,1.374199521E-3,-7.863854989E-5,-5.521876737E-4,1.483077736E-3
3.587179417E0,-1.357179135E-4,-9.600925259E-4,-1.496409881E-3,1.783098299E-3
3.597096417E0,1.652194187E-4,2.609342337E-3,-2.601621673E-3,3.688414322E-3
3.607013417E0,-4.782304168E-4,-2.710855333E-3,-2.470530802E-3,3.698778638E-3
3.616930417E0,4.807738587E-4,4.423274659E-4,1.207294525E-3,1.372718893E-3
3.626846417E0,-1.161508262E-4,4.345232155E-4,1.315805363E-3,1.390555713E-3
3.636763417E0,7.158210501E-4,-7.718887646E-4,-1.738041523E-3,2.031994187E-3
3.646680417E0,-4.893289879E-4,1.595351379E-3,-7.935881149E-4,1.847801661E-3
3.656597417E0,7.847277448E-4,1.808670582E-3,1.827266533E-4,1.980019176E-3
3.666514417E0,2.068363596E-3,-9.148808895E-4,1.673451276E-3,2.813463022E-3
3.676430417E0,-2.104276791E-3,-1.044808887E-4,-7.907716790E-4,2.250381505E-3
3.686347417E0,-4.457412288E-4,7.705881726E-4,-1.289286884E-3,1.566764833E-3
3.696264417E0,-2.764821053E-3,1.312541310E-3,4.281855654E-4,3.090362927E-3
3.706181417E0,5.108760670E-4,3.868043423E-4,-4.146210849E-4,7.632316811E-4
3.716098417E0,-4.172353074E-4,-2.036184305E-4,-1.300122123E-3,1.380530080E-3
3.726014417E0,-1.326477155E-3,-1.231471077E-3,8.035378996E-4,1.980337297E-3
3.735931417E0,-1.716096886E-3,-2.010978293E-3,-2.451643813E-3,3.605492976E-3
3.745848417E0,-6.216401234E-4,-2.791059203E-3,1.093745930E-3,3.061491153E-3
3.755765417E0,-8.629225194E-4,-3.488541115E-3,-1.803773222E-3,4.020964091E-3
3.765682417E0,-1.183030196E-3,1.144616166E-3,-3.329740139E-4,1.679457741E-3
3.775598417E0,-3.001922742E-4,5.520628765E-4,-1.137781190E-3,1.299782619E-3
3.785515417E0,1.335367560E-3,7.606849540E-4,8.628331125E-5,1.539250769E-3
3.795432417E0,1.064790413E-3,-1.252398477E-3,-1.716410508E-3,2.376624834E-3
3.805349417E0,1.012381166E-3,1.251377398E-3,-6.180299679E-4,1.724187362E-3
3.815266417E0,-1.399684697E-4,-9.201640496E-4,-3.266801359E-4,9.864141939E-4
3.825182417E0,-7.568672299E-5,1.392475329E-3,-2.822198439E-5,1.394816297E-3
3.835099417E0,2.777148038E-4,3.623671830E-3,-9.083966725E-4,3.746105652E-3
3.845016417E0,-1.232232898E-3,-1.425368246E-4,-7.164499257E-4,1.432485657E-3
3.854933417E0,-5.485992879E-4,7.637368981E-4,-1.063992502E-3,1.419977209E-3
3.864850417E0,2.273637801E-5,4.186834209E-3,8.552679792E-4,4.273357105E-3
3.874766417E0,-1.400989480E-3,7.542860694E-4,1.164993504E-3,1.972036730E-3
3.884683417E0,1.234821975E-4,1.293937908E-3,1.882677199E-3,2.287792954E-3
3.894600417E0,-1.181201078E-3,-9.662868688E-4,7.798620500E-4,1.713806032E-3
3.904517417E0,7.710983045E-4,3.718903754E-3,8.574188687E-4,3.893585089E-3
3.914434417E0,-5.516940728E-4,-1.311540953E-3,2.196988789E-3,2.617492266E-3
3.924350417E0,-1.246158034E-3,-1.661062706E-4,1.201541163E-3,1.739023377E-3
3.934267417E0,-9.489487857E-4,3.975606523E-5,-9.771909099E-4,1.362712889E-3
3.944184417E0,-1.220296137E-3,2.138512908E-3,9.239645442E-4,2.629842314E-3
3.954101417E0,-3.183046356E-3,-3.036058042E-4,6.339462707E-4,3.259731348E-3
3.964017417E0,-2.334190533E-3,4.216935486E-4,-6.026447518E-4,2.447335610E-3
3.973934417E0,1.743108965E-3,-2.103782259E-3,2.732689027E-4,2.745724777E-3
3.983851417E0,-5.132593215E-4,1.409089891E-3,-2.594281686E-4,1.521930494E-3
3.993768417E0,-8.195228875E-4,1.352364663E-3,-6.067043869E-4,1.693693643E-3
4.003685417E0,7.875855081E-4,1.513513736E-3,-3.072051331E-3,3.514045268E-3
4.013601417E0,-8.598454297E-4,-1.021549338E-3,-2.587888855E-3,2.912055278E-3
4.023518417E0,1.305927988E-3,-1.523096929E-3,5.885454593E-4,2.090851005E-3
4.033435417E0,-1.711433753E-3,1.478551887E-3,-1.865520608E-5,2.261740301E-3
4.043352417E0,-5.229823291E-4,2.157122130E-3,-2.484404948E-3,3.331509319E-3
4.053269417E0,2.700241748E-3,-1.626963611E-3,1.486900728E-3,3.485568801E-3
4.063185417E0,3.345367499E-3,-6.689674919E-4,-6.897951243E-4,3.480634787E-3
4.073102417E0,4.569031298E-4,2.662380459E-3,-1.382216928E-3,3.034395131E-3
4.083019417E0,2.043595072E-3,-2.145026345E-3,-2.254686551E-3,3.723040462E-3
4.092936417E0,-2.954592928E-4,1.834535506E-3,-1.901551499E-3,2.658705478E-3
4.102852417E0,-2.116158605E-3,-2.325518755E-3,-9.826829191E-4,3.294211657E-3
4.112769417E0,-1.470176503E-4,-1.696899999E-4,7.041634526E-4,7.390906937E-4
4.122686417E0,-2.216757275E-3,2.066864399E-3,-6.719527300E-4,3.104426152E-3
4.132603417E0,-2.565364353E-3,-1.584726851E-4,-7.872675778E-4,2.688121667E-3
4.142520417E0,6.882129237E-4,-1.579426927E-3,-2.376135672E-3,2.935003778E-3
4.152436125E0,-2.998197451E-4,8.123582229E-4,-5.119596608E-5,8.674322964E-4
4.162353125E0,-1.238505356E-3,1.383154653E-3,1.379314810E-3,2.312903296E-3
4.172270125E0,-4.107952118E-4,-2.495206892E-3,-1.058276510E-3,2.741306133E-3
4.182187125E0,-1.328538172E-3,1.088700956E-3,-4.576599458E-4,1.777564646E-3
4.192104125E0,2.095754258E-3,1.107609365E-3,-6.456791889E-4,2.456804028E-3
4.202020125E0,1.304856967E-3,2.198433504E-5,2.457723487E-3,2.782721645E-3
4.211937125E0,3.495812416E-4,-2.399095334E-3,-1.083481708E-3,2.655522185E-3
4.221854125E0,5.712970160E-4,-1.858570613E-3,-1.008470892E-3,2.190360368E-3
4.231771125E0,5.976622924E-4,1.073747408E-4,1.082376810E-3,1.241075787E-3
4.241688125E0,2.177224495E-3,2.421172801E-3,1.596757444E-3,3.626571186E-3
4.251604125E0,3.678733483E-4,2.179091331E-3,2.060546540E-4,2.219510835E-3
4.261521125E0,5.739694461E-4,-1.736209262E-3,5.047420273E-4,1.897005019E-3
4.271438125E0,2.038707957E-3,1.359715359E-3,-2.269206569E-3,3.339828505E-3
4.281355125E0,1.078317873E-3,-1.585719641E-3,-1.964402618E-3,2.745205614E-3
4.291271125E0,2.022408415E-3,-1.977470703E-3,7.775881095E-4,2.933456911E-3
4.301188125E0,5.033239722E-4,1.248017419E-3,-8.561264258E-5,1.348410926E-3
4.311105125E0,9.829592891E-4,9.209811687E-4,1.469673356E-3,1.993578454E-3
4.321022125E0,2.210337203E-3,3.498466685E-4,-2.105815103E-3,3.072855430E-3
4.330938125E0,1.269176137E-3,8.587769698E-4,1.090244506E-3,1.880675154E-3
4.340855125E0,-1.069733873E-3,-1.958063105E-3,1.077122986E-3,2.477606831E-3
4.350772125E0,1.334834378E-3,-7.425964577E-4,2.581809182E-3,2.999828490E-3
4.360689125E0,-4.654694349E-4,-2.940590261E-3,-2.129586646E-4,2.984808917E-3
4.370606125E0,2.400018275E-4,-2.422871767E-3,1.206506277E-3,2.717271770E-3
4.380522125E0,-8.104424924E-4,1.242054161E-3,1.724572387E-3,2.274569297E-3
4.390439125E0,-8.714292198E-4,-7.143040420E-4,-6.730715977E-4,1.312495533E-3
4.400356125E0,1.006138045E-3,-1.146550872E-3,-2.321015112E-3,2.777409552E-3
4.410273125E0,-2.279710025E-4,-7.212440250E-4,-3.111275146E-4,8.179022264E-4
4.420190125E0,7.006241940E-4,3.129746765E-4,6.919871084E-4,1.033282908E-3
4.430106125E0,-1.309529878E-3,-6.870423676E-4,-9.618357872E-4,1.764092911E-3
4.440023125E0,-3.914283589E-4,3.603496589E-4,6.345754955E-4,8.281027088E-4
4.449940125E0,-3.392305225E-4,9.635556489E-4,-2.216307912E-4,1.045292803E-3
4.459857125E0,-3.822017461E-4,2.523914678E-3,9.959160816E-4,2.740086188E-3
4.469773125E0,7.677511312E-4,-1.819967409E-3,-3.910582745E-4,2.013616086E-3
4.479690125E0,1.198980957E-3,1.756001962E-3,4.966394044E-4,2.183517558E-3
4.489607125E0,3.890786320E-5,-8.981043939E-4,2.494980581E-4,9.329279742E-4
4.499524125E0,-1.066162251E-3,-5.101255374E-4,6.661327789E-4,1.356710318E-3
4.509440125E0,-1.188758761E-4,6.574043073E-4,5.612041568E-4,8.725032967E-4
4.519357125E0,1.251790673E-5,5.203883629E-4,1.091437880E-4,5.318581697E-4
4.529274125E0,-1.583513804E-3,-1.471123425E-3,-2.966807224E-3,3.670649153E-3
4.539191125E0,-4.909280688E-4,7.516189944E-4,6.592082791E-4,1.113776026E-3
4.549108125E0,6.635524333E-4,1.513549360E-3,-2.259349916E-3,2.799249103E-3
4.559024125E0,4.543904215E-4,-2.710272092E-4,-1.372933388E-3,1.471350567E-3
4.568941125E0,1.212326344E-3,-6.952687399E-4,2.786924131E-3,3.117704267E-3
4.578858125E0,-6.167171523E-4,2.114504110E-3,-3.561400808E-4,2.231211203E-3
4.588775125E0,5.659926683E-4,1.484933076E-3,-1.497304533E-3,2.183413567E-3
4.598691125E0,9.322031401E-4,1.109465957E-3,-2.143699676E-4,1.464879478E-3
4.608608125E0,1.346058678E-3,2.586721443E-3,1.302300254E-3,3.193585405E-3
4.618525125E0,5.939761177E-4,-1.499685692E-3,-5.063024582E-4,1.690623252E-3
4.628442125E0,-6.617037579E-4,-2.674405929E-3,-4.557023058E-4,2.792483398E-3
4.638358125E0,1.332069281E-3,8.723651990E-5,-1.195262885E-4,1.340263151E-3
4.648275125E0,-2.861876972E-3,-5.063820863E-4,-1.825280953E-3,3.431969286E-3
4.658192125E0,-1.092525199E-4,1.660207286E-3,6.860415451E-4,1.799688125E-3
4.668109125E0,1.291570254E-3,-8.042821428E-4,1.387619413E-4,1.527834533E-3
4.678025125E0,1.226217486E-3,1.600582851E-3,-4.635382211E-4,2.068898854E-3
4.687942125E0,2.627839334E-3,-2.862666734E-4,-9.996325243E-4,2.826084457E-3
4.697859125E0,-2.336362377E-4,2.781110583E-3,6.852316437E-4,2.873796160E-3
4.707776125E0,6.103198975E-4,-1.330011059E-3,-6.820351118E-4,1.614494251E-3
4.717693125E0,2.650938928E-3,-2.649636939E-3,-1.735037891E-3,4.130182756E-3
4.727609125E0,-5.483161658E-4,1.185048837E-3,2.327717375E-4,1.326338587E-3
4.737526125E0,3.157230560E-3,-8.271362167E-4,-9.014317766E-5,3.265024490E-3
4.747443125E0,-1.358020399E-2,5.892274901E-2,1.901901211E-3,6.049735135E-2
4.757360125E0,-7.561133802E-2,2.157842815E-1,2.566973865E-2,2.300844759E-1
4.767276125E0,-1.066289023E-1,2.543934584E-1,5.791023374E-2,2.818498707E-1
4.777193125E0,-7.072240114E-2,1.992900223E-1,7.312025130E-2,2.237515188E-1
4.787110125E0,-5.059555918E-2,1.339110136E-1,9.206704050E-2,1.702010873E-1
4.797027125E0,-2.219720557E-2,3.930087760E-2,9.448172897E-2,1.047094648E-1
4.806943125E0,3.617209196E-2,-8.804029226E-2,4.838827252E-2,1.067751760E-1
4.816860125E0,5.531544238E-2,-1.378246248E-1,-2.571479231E-2,1.507205225E-1
4.826777125E0,3.097867966E-2,-7.317745686E-2,-8.924929798E-2,1.194991882E-1
4.836694125E0,-1.262230799E-3,3.421415016E-2,-1.581076235E-1,1.617721295E-1
4.846610125E0,-3.475441039E-2,1.317995638E-1,-2.170819938E-1,2.563271076E-1
4.856527125E0,-6.268088520E-2,1.674432904E-1,-2.446584702E-1,3.030246126E-1
4.866444125E0,-3.532649577E-2,1.234872788E-1,-2.572240531E-1,2.875087526E-1
4.876361125E0,1.046414673E-2,3.408149257E-2,-2.460698634E-1,2.486391445E-1
4.886277125E0,3.021761030E-2,-4.226547852E-2,-2.263291776E-1,2.322162167E-1
4.896194125E0,3.880893067E-2,-7.913537323E-2,-2.031519413E-1,2.214480789E-1
4.906111125E0,4.012666643E-2,-8.635120094E-2,-1.768092811E-1,2.008188267E-1
4.916028125E0,3.383534402E-2,-6.173312292E-2,-1.435275227E-1,1.598623118E-1
4.925945125E0,2.543600090E-2,-4.003634676E-2,-8.797822893E-2,9.995032751E-2
4.935861125E0,1.449875720E-2,-3.244761005E-2,-2.792913467E-2,4.520064072E-2
4.945778125E0,1.702130213E-2,-3.362366185E-2,6.934040226E-3,3.831913720E-2
4.955695125E0,8.887439035E-3,-2.358250320E-2,4.173166119E-3,2.554479096E-2
4.965612125E0,2.359232865E-3,-9.596913122E-3,-2.721827477E-4,9.886394926E-3
4.975528125E0,2.645009663E-3,-7.095764158E-4,-3.689187113E-3,4.594526783E-3
4.985445125E0,5.498320330E-3,-7.745381445E-3,1.993199345E-3,9.705426513E-3
4.995362125E0,5.723699927E-3,-8.882055990E-3,7.174493512E-4,1.059086366E-2
5.005279125E0,5.725031719E-3,-9.140648879E-3,1.845830702E-3,1.094232796E-2
5.015195125E0,3.110493068E-3,-5.331250839E-3,-4.893742735E-4,6.191679078E-3
5.025112125E0,8.786754683E-3,-1.762626693E-2,-2.069960348E-3,1.980346130E-2
5.035029125E0,1.743862405E-2,-4.279150441E-2,-2.843849128E-3,4.629585226E-2
5.044946125E0,2.696874365E-2,-6.002721563E-2,-8.688954636E-3,6.637829226E-2
5.054862125E0,2.156060562E-2,-6.124884263E-2,-2.519312128E-2,6.964893249E-2
5.064779125E0,1.871235669E-2,-4.386506230E-2,-3.886099905E-2,6.151807239E-2
5.074696125E0,9.808456525E-3,-2.606104314E-2,-4.444630072E-2,5.244861711E-2
5.084613125E0,9.801798500E-3,-2.159998193E-2,-4.154532030E-2,4.783981723E-2
5.094529125E0,1.999974623E-2,-4.835389555E-2,-1.918781735E-2,5.573384428E-2
5.104446125E0,2.804701962E-2,-7.427444309E-2,1.472454052E-3,7.940715539E-2
5.114363125E0,3.010153584E-2,-7.504346222E-2,-5.185154732E-3,8.102166075E-2
5.124280125E0,2.127741836E-2,-5.797845870E-2,-1.304707211E-2,6.312254982E-2
5.134196125E0,1.566286571E-2,-4.495422915E-2,-2.136216499E-2,5.217806219E-2
5.144113125E0,1.753400266E-2,-4.491880909E-2,-2.572016045E-2,5.465041000E-2
5.154030625E0,1.743411459E-2,-4.200683534E-2,-2.273303643E-2,5.084597833E-2
5.163947625E0,1.723624207E-2,-4.859895632E-2,-1.874442026E-2,5.486619986E-2
5.173863625E0,1.932566240E-2,-5.059772357E-2,-2.848014003E-3,5.423764414E-2
5.183780625E0,1.965056732E-2,-5.351335183E-2,3.012804314E-3,5.708678139E-2
5.193697625E0,2.241013572E-2,-5.916457996E-2,4.976885859E-3,6.346204454E-2
5.203614625E0,2.404931188E-2,-7.239729166E-2,2.207730897E-3,7.631914122E-2
5.213530625E0,3.205721080E-2,-7.275768369E-2,-4.835868720E-3,7.965381929E-2
5.223447625E0,5.805951357E-2,-4.991069064E-2,-9.340339340E-3,7.713122646E-2
5.233364625E0,9.131103754E-2,-4.362184182E-2,-1.778309233E-2,1.027463334E-1
5.243281625E0,1.356729120E-1,-5.370856449E-2,-2.515924908E-2,1.480700401E-1
5.253197625E0,1.717331707E-1,-5.592688546E-2,-2.278126590E-2,1.820414363E-1
5.263114625E0,1.849637628E-1,-5.432659015E-2,-1.336565893E-2,1.932397805E-1
5.273031625E0,1.871523410E-1,-4.612530023E-2,-2.202434838E-2,1.940067370E-1
5.282947625E0,1.877968311E-1,-4.592050239E-2,-4.180071875E-2,1.977969727E-1
5.292864625E0,1.781183481E-1,-6.440950930E-2,-4.456313699E-2,1.945780152E-1
5.302781625E0,1.652784497E-1,-6.739997864E-2,-3.343431652E-2,1.815972923E-1
5.312698625E0,1.474809945E-1,-7.302738726E-2,-2.514048666E-2,1.664802904E-1
5.322614625E0,1.323624849E-1,-8.654798567E-2,-1.892919466E-2,1.592755338E-1
5.332531625E0,1.327613145E-1,-8.615232259E-2,-2.361122333E-2,1.600164966E-1
5.342448625E0,1.357821375E-1,-7.737294585E-2,-2.722060680E-2,1.586326670E-1
5.352365625E0,1.404177696E-1,-6.864186376E-2,-2.841714025E-2,1.588596529E-1
5.362281625E0,1.302354485E-1,-5.527039617E-2,-3.288938850E-2,1.452508197E-1
5.372198625E0,1.237977669E-1,-4.320415109E-2,-3.859579191E-2,1.366825552E-1
5.382115625E0,1.203018352E-1,-4.180838913E-2,-3.876330703E-2,1.331280096E-1
5.392032625E0,1.126962602E-1,-4.620960727E-2,-2.520135045E-2,1.243820041E-1
5.401948625E0,1.010337472E-1,-5.113459006E-2,-1.378437970E-2,1.140726676E-1
5.411865625E0,1.008981690E-1,-4.812771827E-2,-1.313439943E-2,1.125576751E-1
5.421782625E0,1.043317840E-1,-4.079630226E-2,-1.651261933E-2,1.132348269E-1
5.431699625E0,1.030221581E-1,-3.871425614E-2,-2.135809511E-2,1.121094417E-1
5.441615625E0,1.069146395E-1,-3.486412391E-2,-1.903581806E-2,1.140552920E-1
5.451532625E0,1.053737476E-1,-2.985674702E-2,-1.617681794E-2,1.107101688E-1
5.461449625E0,9.992891550E-2,-2.264357544E-2,-1.136927959E-2,1.030911256E-1
5.471366625E0,1.028153226E-1,-1.529551297E-2,-8.441809565E-3,1.042890571E-1
5.481282625E0,1.051482558E-1,-1.183260605E-2,-3.300577402E-3,1.058634029E-1
5.491199625E0,1.072126776E-1,-1.582862064E-2,2.055593301E-3,1.083943215E-1
5.501116625E0,1.098835617E-1,-2.507698163E-2,1.137068844E-3,1.127144404E-1
5.511032625E0,1.024850756E-1,-3.385242820E-2,1.407840871E-3,1.079405375E-1
5.520949625E0,1.011500359E-1,-2.367302589E-2,1.544727362E-3,1.038947934E-1
5.530866625E0,1.002778411E-1,-2.428751066E-2,-2.671635943E-3,1.032117543E-1
5.540783625E0,1.068398654E-1,-2.129811235E-2,-1.133010536E-2,1.095296203E-1
5.550699625E0,1.222061962E-1,-1.825996488E-2,-2.651879005E-2,1.263765284E-1
5.560616625E0,1.317608207E-1,-1.840617321E-2,-3.025041148E-2,1.364360234E-1
5.570533625E0,1.270240694E-1,-1.637626626E-2,-2.986969985E-2,1.315123389E-1
5.580450625E0,1.244940534E-1,-2.965238877E-2,-2.618601546E-2,1.306282546E-1
5.590366625E0,1.079553962E-1,-4.648731649E-2,-1.605205983E-2,1.186301259E-1
5.600283625E0,9.198468924E-2,-3.950477391E-2,-1.219500415E-2,1.008490374E-1
5.610200625E0,7.984641194E-2,-3.208652511E-2,-7.376692258E-3,8.636787703E-2
5.620116625E0,7.731055468E-2,-3.503997251E-2,-8.410797454E-3,8.529632497E-2
5.630033625E0,8.102153242E-2,-4.011303186E-2,-3.509319853E-3,9.047573910E-2
5.639950625E0,7.218863070E-2,-3.687196597E-2,-4.396684933E-3,8.117925299E-2
5.649867625E0,6.139689311E-2,-3.512027115E-2,-1.017080806E-2,7.145947989E-2
5.659783625E0,5.921949074E-2,-2.939527482E-2,-1.265553758E-2,6.731413593E-2
5.669700625E0,6.805926561E-2,-2.545561269E-2,-1.011446770E-2,7.336453033E-2
5.679617625E0,6.812290847E-2,-2.619064413E-2,5.288546672E-4,7.298602733E-2
5.689534625E0,6.061127782E-2,-2.488271333E-2,9.860255755E-3,6.625783776E-2
5.699450625E0,5.330675840E-2,-8.217451163E-3,1.644811779E-2,5.638862983E-2
5.709367625E0,4.954601079E-2,6.415040232E-3,2.672915533E-2,5.666045951E-2
5.719284625E0,4.364417866E-2,1.517950278E-2,3.604382649E-2,5.860366084E-2
5.729200625E0,3.550514206E-2,1.144822873E-2,4.715925828E-2,6.013046395E-2
5.739117625E0,2.187215537E-2,1.904782653E-2,4.328595474E-2,5.210455598E-2
5.749034625E0,1.313953288E-2,1.266814210E-2,3.406962752E-2,3.865059725E-2
5.758951625E0,1.446871646E-2,2.591805765E-3,2.564152144E-2,2.955585957E-2
5.768867625E0,2.312844433E-2,-3.794679884E-3,9.167036042E-3,2.516662636E-2
5.778784625E0,3.239810839E-2,-1.328352280E-2,-6.373307668E-3,3.559084793E-2
5.788701625E0,4.468701780E-2,-1.743715629E-2,-1.699469611E-2,5.089011373E-2
5.798618625E0,5.333243310E-2,-1.117712911E-2,-1.304549351E-2,5.603089806E-2
5.808534625E0,5.801960081E-2,-1.375080831E-2,-7.256048266E-3,6.006670495E-2
5.818451625E0,6.213418394E-2,-2.217758447E-2,-5.177983548E-3,6.617638235E-2
5.828368625E0,6.393756717E-2,-2.211045660E-2,-4.334705882E-3,6.779140404E-2
5.838284625E0,6.615650654E-2,-2.399970405E-2,1.766862115E-3,7.039737888E-2
5.848201625E0,7.245090604E-2,-2.883643843E-2,2.894808538E-3,7.803238997E-2
5.858118625E0,8.291552961E-2,-3.173209354E-2,2.922238782E-3,8.882820661E-2
5.868035625E0,9.598673135E-2,-2.948953025E-2,4.354026169E-4,1.004155096E-1
5.877951625E0,1.014004052E-1,-2.385348268E-2,1.861525467E-3,1.041849129E-1
5.887868625E0,9.919775277E-2,-2.038574964E-2,2.191796666E-4,1.012710274E-1
5.897785625E0,9.712794423E-2,-1.179892011E-2,4.178514937E-4,9.784286722E-2
5.907701625E0,9.948968142E-2,-6.588151678E-3,-6.045398302E-3,9.989067671E-2
5.917618625E0,9.592504054E-2,-1.933212159E-3,-2.022693865E-3,9.596583769E-2
5.927535625E0,9.996129572E-2,-4.597101361E-3,-9.164104238E-3,1.004856945E-1
5.937452625E0,1.094922200E-1,-1.649344154E-2,-7.316669449E-3,1.109689754E-1
5.947368625E0,1.146854982E-1,-1.277967822E-2,-4.742845893E-3,1.154927628E-1
5.957285625E0,1.087794006E-1,-8.715161122E-3,4.959050566E-3,1.092405795E-1
5.967202625E0,1.013225317E-1,-6.825578399E-3,1.328527834E-2,1.024174915E-1
5.977118625E0,1.031473279E-1,5.229752976E-3,1.184051391E-2,1.039563338E-1
5.987035625E0,1.071787551E-1,2.422462218E-2,4.724424798E-3,1.099838081E-1
5.996952625E0,1.097516343E-1,1.061507035E-2,9.081148310E-4,1.102675184E-1
6.006869625E0,1.130948812E-1,3.269483801E-3,4.073331133E-3,1.132154305E-1
6.016785625E0,1.190095097E-1,-7.226832677E-3,1.558724139E-2,1.202433058E-1
6.026702625E0,1.299002916E-1,-1.580075361E-2,2.126331069E-2,1.325740470E-1
6.036619625E0,1.520972103E-1,-1.185341645E-2,4.294783249E-2,1.584884260E-1
6.046536625E0,1.529601961E-1,-9.635451250E-3,6.078832969E-2,1.648783932E-1
6.056452625E0,1.386848539E-1,-1.980419829E-2,6.470689923E-2,1.543135697E-1
6.066369625E0,1.286115646E-1,-3.400072828E-2,5.659426004E-2,1.445679576E-1
6.076286625E0,1.336478740E-1,-3.669877350E-2,5.209591240E-2,1.480626161E-1
6.086202625E0,1.434480846E-1,-4.126446694E-2,5.557610467E-2,1.592759009E-1
6.096119625E0,1.497171670E-1,-3.795176372E-2,6.350167841E-2,1.669970947E-1
6.106036625E0,1.390438229E-1,-3.716394305E-2,7.451225072E-2,1.620691792E-1
6.115952625E0,1.263136566E-1,-4.351584986E-2,7.418680936E-2,1.528150899E-1
6.125869625E0,1.242051348E-1,-5.084945261E-2,7.085972279E-2,1.517685167E-1
6.135786625E0,1.330574900E-1,-3.939093649E-2,6.038364395E-2,1.513344838E-1
6.145703625E0,1.378972530E-1,-3.195326030E-2,4.374341294E-2,1.481558281E-1
6.155619875E0,1.417156905E-1,-2.997905947E-2,3.029871546E-2,1.479868004E-1
6.165536875E0,1.417533159E-1,-2.150608785E-2,2.092903666E-2,1.448949239E-1
6.175453875E0,1.420960575E-1,-2.016278915E-2,2.278792299E-2,1.453172979E-1
6.185369875E0,1.362605244E-1,-1.793984696E-2,2.408323437E-2,1.395305371E-1
6.195286875E0,1.341158748E-1,-2.038862370E-2,4.165663570E-2,1.419085591E-1
6.205203875E0,1.272219270E-1,-2.857640013E-2,5.136274546E-2,1.401433587E-1
6.215120875E0,1.158947051E-1,-2.977002971E-2,5.337795615E-2,1.310230649E-1
6.225036875E0,1.155295670E-1,-2.677247114E-2,4.176301509E-2,1.257298512E-1
6.234953875E0,1.290797293E-1,-2.972139046E-2,2.526473440E-2,1.348452609E-1
6.244870875E0,1.455388516E-1,-3.357438371E-2,7.949033752E-3,1.495726703E-1
6.254786875E0,1.615356654E-1,-2.557558008E-2,-2.868460957E-3,1.635729487E-1
6.264703875E0,1.680629253E-1,-2.522545680E-2,-1.017140783E-2,1.702496052E-1
6.274620875E0,1.732800603E-1,-2.017876692E-2,-8.596681058E-3,1.746627174E-1
6.284536875E0,1.879464239E-1,-1.958076283E-2,-4.042819142E-3,1.890069018E-1
6.294453875E0,1.958802342E-1,-2.270544879E-2,3.202843480E-3,1.972178029E-1
6.304370875E0,2.040831894E-1,-2.629414201E-2,4.536312073E-3,2.058200870E-1
6.314287875E0,2.131880075E-1,-3.127558529E-2,1.361662522E-2,2.158997481E-1
6.324203875E0,2.214916945E-1,-3.973141685E-2,2.186654136E-2,2.260869342E-1
6.334120875E0,2.300329804E-1,-3.802592680E-2,2.532492206E-2,2.345261070E-1
6.344037875E0,2.410483062E-1,-3.413667530E-2,2.284346335E-2,2.445228463E-1
6.353953875E0,2.548197806E-1,-3.596893325E-2,6.540656090E-3,2.574289512E-1
6.363870875E0,2.672173977E-1,-4.675121605E-2,-2.413689159E-3,2.712870062E-1
6.373787875E0,2.825361788E-1,-5.225836858E-2,-1.590126753E-2,2.877681006E-1
6.383703875E0,2.914121747E-1,-4.602769390E-2,-1.840405725E-2,2.955982299E-1
6.393620875E0,2.844639719E-1,-4.398052394E-2,-1.505140495E-2,2.882370250E-1
6.403537875E0,2.742987275E-1,-3.523680195E-2,-4.404377658E-3,2.765878209E-1
6.413454875E0,2.589706481E-1,-3.559020534E-2,1.783210784E-3,2.614108626E-1
6.423370875E0,2.556200027E-1,-4.074143991E-2,-5.529395305E-3,2.589054363E-1
6.433287875E0,2.531097233E-1,-4.431034252E-2,-2.286550775E-2,2.579743591E-1
6.443204875E0,2.460756600E-1,-5.624325573E-2,-3.571758419E-2,2.549358352E-1
6.453120875E0,2.350408435E-1,-6.758273393E-2,-3.201818839E-2,2.466511472E-1
6.463037875E0,2.352056205E-1,-7.767154276E-2,-2.710162848E-2,2.491767460E-1
6.472954875E0,2.339560688E-1,-7.816955447E-2,-1.903331652E-2,2.474028870E-1
6.482870875E0,2.306586802E-1,-6.919921190E-2,-1.125969458E-2,2.410782827E-1
6.492787875E0,2.280519903E-1,-8.092936873E-2,-5.403669551E-3,2.420464266E-1
6.502704875E0,2.281876355E-1,-7.752489299E-2,6.070075557E-3,2.410737478E-1
6.512621875E0,2.319837064E-1,-7.474402338E-2,1.621032692E-2,2.442660102E-1
6.522537875E0,2.351638228E-1,-6.806888431E-2,2.036132663E-2,2.456623296E-1
6.532454875E0,2.477491200E-1,-6.486377120E-2,1.604274288E-2,2.566014514E-1
6.542371875E0,2.671829164E-1,-5.370331183E-2,8.214379661E-3,2.726503852E-1
6.552287875E0,2.862570286E-1,-4.608187824E-2,-1.700035995E-3,2.899474367E-1
6.562204875E0,3.165620565E-1,-5.161691085E-2,-7.711878978E-3,3.208353381E-1
6.572121875E0,3.572093546E-1,-2.890573815E-2,-1.395912189E-2,3.586487443E-1
6.582037875E0,3.893700838E-1,-1.294353418E-2,-2.748040296E-2,3.905531587E-1
6.591954875E0,4.148501456E-1,-2.118042670E-2,-2.675815485E-2,4.162514296E-1
6.601871875E0,4.244351387E-1,-1.000425080E-3,-1.365704648E-2,4.246559816E-1
6.611787875E0,4.249608517E-1,1.418039110E-2,2.765602898E-3,4.252063705E-1
6.621704875E0,2.883742452E-1,2.198552638E-1,6.268940866E-3,3.626780141E-1
6.631621875E0,1.714254916E-1,2.690331936E-1,-2.222262137E-2,3.197802422E-1
6.641538875E0,1.192219183E-1,1.925029606E-1,-3.438280523E-2,2.290271445E-1
6.651454875E0,1.106622517E-1,1.620497108E-1,-1.693217643E-2,1.969592377E-1
6.661371875E0,9.504050016E-2,1.385913193E-1,4.038835410E-3,1.680968847E-1
6.671288875E0,6.347005814E-2,7.627548277E-2,9.607772343E-3,9.969306316E-2
6.681204875E0,2.211882174E-2,2.296542749E-2,2.381055802E-2,3.979441931E-2
6.691121875E0,-1.052274276E-2,-8.868401870E-3,4.107715935E-2,4.332100745E-2
6.701038875E0,-2.902221307E-2,-2.647967264E-2,6.146338955E-2,7.294662548E-2
6.710954875E0,-3.771796823E-2,-3.564680368E-2,7.256478071E-2,8.921315564E-2
6.720871875E0,-4.015522823E-2,-4.276574031E-2,6.835950166E-2,9.007981108E-2
6.730788875E0,-2.499065548E-2,-3.289899230E-2,4.609813914E-2,6.190246350E-2
6.740704875E0,-7.947701961E-3,-1.467363443E-2,7.600355893E-3,1.833703694E-2
6.750621875E0,1.340738684E-2,1.165597327E-2,-1.099330187E-2,2.089192238E-2
6.760538875E0,3.618525341E-2,3.554276004E-2,-6.549143232E-3,5.114246409E-2
6.770454875E0,4.199946672E-2,5.152678490E-2,-4.540586844E-3,6.663018607E-2
6.780371875E0,4.536672682E-2,5.635080487E-2,-7.923043333E-3,7.277587325E-2
6.790288875E0,4.879501462E-2,6.462364644E-2,-9.898309596E-3,8.157907614E-2
6.800204875E0,6.163710356E-2,6.356436759E-2,-1.679455745E-3,8.855722406E-2
6.810121875E0,6.130340695E-2,6.354439259E-2,-3.269629087E-3,8.835546394E-2
6.820038875E0,5.585157126E-2,6.187159568E-2,-5.843474530E-3,8.355620000E-2
6.829955875E0,4.857208952E-2,6.599816680E-2,-5.809386261E-3,8.215080566E-2
6.839871875E0,4.459294677E-2,6.827571988E-2,-5.828972440E-3,8.175623369E-2
6.849788875E0,4.366776720E-2,6.285964698E-2,-1.054649614E-2,7.726213620E-2
6.859705875E0,4.820066690E-2,6.118626148E-2,-1.225903165E-2,7.885015371E-2
6.869621875E0,4.865553603E-2,6.809476763E-2,-1.140682027E-2,8.446522428E-2
6.879538875E0,4.443300515E-2,7.291279733E-2,-1.044381876E-2,8.602116781E-2
6.889455875E0,4.478960112E-2,7.407819480E-2,-1.044328604E-2,8.719374711E-2
6.899371875E0,4.436837137E-2,7.765754312E-2,-9.410561994E-3,8.993222481E-2
6.909288875E0,5.344229192E-2,7.584179938E-2,-9.629740380E-3,9.327801991E-2
6.919205875E0,6.473631412E-2,8.003419638E-2,-1.763573475E-2,1.044379342E-1
6.929121875E0,7.002454996E-2,9.191615880E-2,-2.134125680E-2,1.175051790E-1
6.939038875E0,7.188960910E-2,9.396868944E-2,-1.864536293E-2,1.197742879E-1
6.948955875E0,6.931619346E-2,1.008550897E-1,-1.750473119E-2,1.236240244E-1
6.958871875E0,6.643896550E-2,1.005449742E-1,-1.454460528E-2,1.213876992E-1
6.968788875E0,6.784591079E-2,9.581839293E-2,-1.383354142E-2,1.182184372E-1
6.978705875E0,6.755398214E-2,9.162324667E-2,-1.584904455E-2,1.149328154E-1
6.988621875E0,6.850606203E-2,8.638986945E-2,-1.645012014E-2,1.114759908E-1
6.998538875E0,6.672212481E-2,7.660432905E-2,-1.032203995E-2,1.021107716E-1
7.008455875E0,5.798295513E-2,6.825718284E-2,-9.173951112E-3,9.002903683E-2
7.018371875E0,4.973135144E-2,5.589269474E-2,-1.035038847E-2,7.552702286E-2
7.028288875E0,4.368544370E-2,5.232406035E-2,-1.009658910E-2,6.890694010E-2
7.038205875E0,3.573556989E-2,4.679911211E-2,-8.014700375E-3,5.942577953E-2
7.048121875E0,3.686928004E-2,4.742575437E-2,-3.338722279E-3,6.016388497E-2
7.058038875E0,3.685077280E-2,4.841903225E-2,-4.220738076E-3,6.099341579E-2
7.067955875E0,3.870646656E-2,5.283055827E-2,-2.585290466E-3,6.554343725E-2
7.077872875E0,4.389576241E-2,6.360126287E-2,-3.590657376E-3,7.736182144E-2
7.087788875E0,5.330870673E-2,7.983509451E-2,-5.745953415E-3,9.616899973E-2
7.097705875E0,6.708340347E-2,9.835624695E-2,-1.215470675E-2,1.196740207E-1
7.107621875E0,7.837280631E-2,1.016963869E-1,-1.515475754E-2,1.292830946E-1
7.117538875E0,8.967228979E-2,1.096157953E-1,-1.518775616E-2,1.424338797E-1
7.127455875E0,9.266914427E-2,1.210306361E-1,-1.155280787E-2,1.528707053E-1
7.137372875E0,8.116880059E-2,1.130114868E-1,-1.291932166E-2,1.397386103E-1
7.147288875E0,5.563974380E-2,7.364091277E-2,-1.414038148E-2,9.337406231E-2
7.157206375E0,2.931707352E-2,3.694371134E-2,-1.167472918E-2,4.858629343E-2
7.167123375E0,1.285341196E-2,1.622032374E-2,-1.864975668E-3,2.077949074E-2
7.177039375E0,3.788806498E-5,-4.737768322E-3,5.515732337E-3,7.271257621E-3
7.186956375E0,-4.154460505E-3,-1.736913994E-2,5.589501932E-3,1.871334006E-2
7.196873375E0,-2.807796933E-3,-2.094325982E-2,2.756382804E-3,2.130965747E-2
7.206789375E0,2.330772113E-3,-8.531597443E-3,6.052843295E-3,1.071716220E-2
7.216706375E0,1.016153023E-2,2.748487517E-3,-3.808208276E-4,1.053356087E-2
7.226623375E0,2.178276703E-2,8.901987225E-3,-5.469056312E-3,2.415874361E-2
7.236539375E0,2.984570898E-2,1.693299599E-2,-4.780122545E-3,3.464595603E-2
7.246456375E0,2.799374610E-2,1.418008748E-2,-3.388354555E-3,3.156272562E-2
7.256373375E0,2.290308848E-2,1.584008895E-2,8.591182996E-5,2.784721280E-2
7.266289375E0,2.055258304E-2,1.235986874E-2,2.333086915E-3,2.409602289E-2
7.276206375E0,1.611015014E-2,3.985997289E-3,1.395557192E-3,1.665450966E-2
7.286123375E0,1.855573058E-2,-2.809324535E-3,6.557029672E-3,1.987969014E-2
7.296039375E0,1.397798117E-2,1.142775407E-3,1.138722897E-2,1.806540553E-2
7.305956375E0,1.296917535E-2,1.518908516E-2,1.689518057E-2,2.616017859E-2
7.315872375E0,2.992440946E-3,1.304765139E-2,2.155086771E-2,2.536997849E-2
7.325789375E0,4.543465562E-3,1.258798968E-2,1.966108754E-2,2.378358524E-2
7.335706375E0,1.099165343E-2,1.564334333E-2,1.990856789E-2,2.760220482E-2
7.345622375E0,1.204333548E-2,4.147807602E-3,2.208197489E-2,2.549234890E-2
7.355539375E0,4.965898115E-3,9.620554745E-3,2.400957048E-2,2.633770477E-2
7.365456375E0,2.443085425E-3,4.911286756E-3,2.629323117E-2,2.685932631E-2
7.375372375E0,2.811557148E-3,4.994912073E-3,2.696398646E-2,2.756647540E-2
7.385289375E0,5.477381870E-3,3.046544036E-3,1.600348018E-2,1.718704514E-2
7.395206375E0,6.620256696E-3,2.822823357E-3,8.469809778E-3,1.111457638E-2
7.405122375E0,5.213515833E-4,-1.840371871E-3,-5.046532024E-3,5.396875167E-3
7.415039375E0,1.394278836E-3,5.289301276E-3,-2.016942017E-3,5.829989413E-3
7.424956375E0,6.383178756E-3,8.364964742E-4,-4.137190990E-4,6.451035643E-3
7.434872375E0,9.188005701E-3,-2.717236057E-4,-6.596770836E-4,9.215663640E-3
7.444789375E0,1.819028892E-2,2.252222039E-4,2.845575567E-3,1.841289321E-2
7.454706375E0,1.860120147E-2,6.291149184E-4,-7.835566066E-5,1.861200208E-2
7.464622375E0,1.874341443E-2,3.015040886E-3,-1.076242188E-3,1.901484560E-2
7.474539375E0,1.658954658E-2,5.437673535E-4,3.429925535E-3,1.694913354E-2
7.484456375E0,1.740127802E-2,1.248173416E-3,-2.721177647E-3,1.765693126E-2
7.494372375E0,1.457667537E-2,-4.787291400E-4,-2.243214985E-4,1.458625951E-2
7.504289375E0,1.343923807E-2,-2.673972864E-3,2.411990426E-4,1.370479580E-2
7.514206375E0,2.047530934E-2,-1.885160804E-3,-1.053312561E-3,2.058887057E-2
7.524122375E0,2.713773958E-2,-1.141587272E-4,6.830685306E-4,2.714657482E-2
7.534039375E0,3.925167397E-2,8.907767478E-4,-9.830738418E-5,3.926190338E-2
7.543956375E0,5.632945895E-2,3.244212363E-3,-1.537213335E-3,5.644374088E-2
7.553872375E0,7.396636158E-2,-1.210220973E-3,-2.753722947E-5,7.397626673E-2
7.563789375E0,9.724718332E-2,1.822853228E-3,-4.775953479E-3,9.738145198E-2
7.573706375E0,1.170928180E-1,-2.662255196E-3,-1.638074964E-2,1.182630314E-1
7.583622375E0,1.417329162E-1,-4.349367693E-3,-2.336675301E-2,1.437120096E-1
7.593539375E0,1.623403728E-1,-7.535526529E-3,-3.363633901E-2,1.659595858E-1
7.603456375E0,1.818887740E-1,-4.822297953E-3,-3.690457344E-2,1.856575563E-1
7.613372375E0,1.948337108E-1,-4.624800757E-3,-4.029152915E-2,1.990099770E-1
7.623289375E0,2.045859396E-1,-2.414643532E-3,-3.924969956E-2,2.083309293E-1
7.633205375E0,2.108414620E-1,-5.247087684E-3,-3.857902065E-2,2.144061447E-1
7.643122375E0,2.076432705E-1,-5.068389699E-3,-3.388253599E-2,2.104505704E-1
7.653039375E0,1.997955292E-1,-2.310294658E-3,-3.348405287E-2,2.025950956E-1
7.662955375E0,1.852512062E-1,-7.998540066E-3,-3.373599052E-2,1.884677773E-1
7.672872375E0,1.697133929E-1,-8.859636262E-3,-2.996141650E-2,1.725653944E-1
7.682789375E0,1.555996984E-1,-7.328851148E-3,-2.985435724E-2,1.586072535E-1
7.692705375E0,1.439932436E-1,-6.414492615E-3,-2.449215762E-2,1.462021398E-1
7.702622375E0,1.351400912E-1,-3.393135965E-3,-1.265254151E-2,1.357735041E-1
7.712539375E0,1.336950362E-1,-6.936942227E-4,-4.295953084E-3,1.337658369E-1
7.722455375E0,1.405047476E-1,-1.269734930E-4,-2.207838697E-4,1.405049785E-1
7.732372375E0,1.533097774E-1,-4.215804860E-3,-2.132471884E-3,1.533825554E-1
7.742289375E0,1.707161963E-1,-2.197395312E-3,-1.385631040E-4,1.707303940E-1
7.752205375E0,1.951563954E-1,-4.570647143E-3,-6.951160030E-4,1.952111490E-1
7.762122375E0,2.235512733E-1,-1.037431182E-3,-1.094990876E-5,2.235536808E-1
7.772039375E0,2.476466149E-1,-1.589960419E-3,-4.357472062E-4,2.476521022E-1
7.781955375E0,2.729293406E-1,9.389773477E-4,-1.801948878E-3,2.729369042E-1
7.791872375E0,3.024518788E-1,-1.015261980E-3,2.250511898E-4,3.024536665E-1
7.801788375E0,3.337759972E-1,2.399975900E-3,1.042641816E-3,3.337862539E-1
7.811705375E0,3.631857634E-1,2.893849974E-3,4.453329835E-3,3.632245934E-1
7.821622375E0,3.854082227E-1,4.616915248E-3,4.488484003E-3,3.854620092E-1
7.831538375E0,4.027206600E-1,2.364413580E-3,7.677086629E-3,4.028007672E-1
7.841455375E0,4.053563774E-1,4.765253514E-3,1.034211181E-2,4.055162877E-1
7.851372375E0,4.031393230E-1,1.837405609E-3,1.288647205E-2,4.033494155E-1
7.861288375E0,3.845840096E-1,5.892069079E-3,2.110605128E-2,3.852077911E-1
7.871205375E0,3.627905250E-1,8.581357077E-3,2.939582057E-2,3.640806490E-1
7.881122375E0,3.424335718E-1,3.678478301E-3,3.370028734E-2,3.441075292E-1
7.891038375E0,3.312879801E-1,3.058413509E-3,2.677359991E-2,3.323821675E-1
7.900955375E0,3.105720580E-1,7.824762724E-4,2.180520818E-2,3.113375701E-1
7.910872375E0,2.867293954E-1,1.814862480E-3,1.951304637E-2,2.873983279E-1
7.920788375E0,2.612360120E-1,2.477190690E-3,2.347183600E-2,2.623000524E-1
7.930705375E0,2.333728373E-1,5.600009579E-3,2.703052387E-2,2.349997671E-1
7.940621375E0,1.978137642E-1,9.701544419E-3,2.750856057E-2,1.999528099E-1
7.950538375E0,1.717157960E-1,1.259638229E-3,2.249099314E-2,1.731870262E-1
7.960455375E0,1.675407588E-1,-3.038703697E-3,1.087748166E-2,1.679209910E-1
7.970371375E0,1.856033206E-1,-6.299585104E-3,-1.366525190E-3,1.857152250E-1
7.980288375E0,2.026499361E-1,-5.643381737E-3,-3.982282244E-3,2.027676082E-1
7.990205375E0,2.192591727E-1,-6.058858708E-3,-2.921854379E-3,2.193623300E-1
8.000121375E0,2.405628562E-1,-2.480368828E-3,-5.750664044E-3,2.406443645E-1
8.010038375E0,2.559264600E-1,-2.761973767E-3,-3.508767113E-3,2.559654135E-1
8.019954375E0,2.642706931E-1,-4.287166055E-3,-1.052140258E-2,2.645147991E-1
8.029871375E0,2.737363577E-1,-5.172207020E-3,-1.182223950E-2,2.740403448E-1
8.039788375E0,2.876572311E-1,-5.873151124E-3,-1.792061143E-2,2.882747384E-1
8.049704375E0,3.050476611E-1,-9.018364362E-3,-2.046095021E-2,3.058660767E-1
8.059621375E0,3.184454739E-1,-1.014674548E-2,-2.891116031E-2,3.199161320E-1
8.069538375E0,3.177710176E-1,-1.197582111E-2,-4.194265977E-2,3.207507235E-1
8.079454375E0,3.074118495E-1,-1.551223267E-2,-5.484567583E-2,3.126511198E-1
8.089371375E0,2.894754410E-1,-1.951568015E-2,-5.940387398E-2,2.961515034E-1
8.099288375E0,2.678636312E-1,-1.885654777E-2,-6.139538437E-2,2.754557815E-1
8.109204375E0,2.494306713E-1,-1.404822804E-2,-5.471203476E-2,2.557467874E-1
8.119121375E0,2.273365557E-1,-1.269454323E-2,-3.492395207E-2,2.303535184E-1
8.129037375E0,2.233714014E-1,-8.701920509E-3,-1.708713546E-2,2.241929450E-1
8.138954375E0,2.296652496E-1,-2.407539636E-3,-3.158802632E-3,2.296995889E-1
8.148871375E0,2.385582924E-1,-3.237331519E-3,-2.413269877E-2,2.397976779E-1
8.158786167E0,2.449091226E-1,-2.320810966E-2,-7.536525279E-2,2.572916944E-1
8.168703167E0,2.451421916E-1,-4.338871315E-2,-1.437779069E-1,2.874880190E-1
8.178620167E0,2.310063988E-1,-7.098305970E-2,-2.078386396E-1,3.187466881E-1
8.188536167E0,2.207026333E-1,-8.895087242E-2,-2.546836436E-1,3.485479427E-1
8.198453167E0,2.324455827E-1,-9.729641676E-2,-2.728687823E-1,3.714228237E-1
8.208370167E0,2.466523796E-1,-9.749978036E-2,-2.692594528E-1,3.779474256E-1
8.218286167E0,2.712373435E-1,-8.512060344E-2,-2.408086210E-1,3.725640960E-1
8.228203167E0,2.865875959E-1,-7.224533707E-2,-1.861348152E-1,3.492821328E-1
8.238119167E0,3.033897579E-1,-4.311381280E-2,-1.412062347E-1,3.374067971E-1
8.248036167E0,3.030739427E-1,-2.628260478E-2,-7.292547077E-2,3.128301685E-1
8.257953167E0,2.992419302E-1,-3.869440872E-3,-7.255108096E-3,2.993548763E-1
8.267869167E0,2.961400151E-1,1.125348732E-2,4.261665046E-2,2.994022853E-1
8.277786167E0,2.943764627E-1,2.764684148E-2,8.292306215E-2,3.070799308E-1
8.287703167E0,2.886422276E-1,3.708674759E-2,1.017265245E-1,3.082824163E-1
8.297619167E0,2.683193684E-1,3.068743832E-2,1.020940393E-1,2.887216569E-1
8.307536167E0,2.460404187E-1,2.620699443E-2,8.302539587E-2,2.609902500E-1
8.317452167E0,2.435895056E-1,2.025189996E-2,6.707439572E-2,2.534658976E-1
8.327369167E0,2.543602288E-1,1.979585923E-2,6.045755371E-2,2.621948089E-1
8.337286167E0,2.639518678E-1,2.071305178E-2,5.289258063E-2,2.699948965E-1
8.347202167E0,2.790135443E-1,1.913532987E-2,4.819214717E-2,2.837907712E-1
8.357119167E0,2.918230891E-1,2.098702639E-2,4.127032682E-2,2.954731976E-1
8.367036167E0,3.013063669E-1,1.528238319E-2,3.283347934E-2,3.034750654E-1
8.376952167E0,3.151294887E-1,1.296703145E-2,2.824884839E-2,3.166587059E-1
8.386869167E0,3.277930319E-1,1.310962811E-2,3.411870077E-2,3.298245289E-1
8.396785167E0,3.425885141E-1,1.972598583E-2,4.384323582E-2,3.459454203E-1
8.406702167E0,3.489364982E-1,2.725533955E-2,6.093534827E-2,3.552641974E-1
8.416619167E0,3.507197499E-1,3.185302019E-2,7.695346326E-2,3.604730134E-1
8.426535167E0,3.397232890E-1,3.797252476E-2,8.546715975E-2,3.523612651E-1
8.436452167E0,3.288501501E-1,3.814216703E-2,8.892047405E-2,3.427887058E-1
8.446368167E0,3.132091165E-1,3.578382358E-2,8.800031245E-2,3.272987743E-1
8.456285167E0,2.891373336E-1,3.340855241E-2,7.735006511E-2,3.011636792E-1
8.466202167E0,2.782720923E-1,3.190035746E-2,7.083889842E-2,2.889137236E-1
8.476118167E0,2.613138855E-1,2.655246668E-2,5.454834178E-2,2.682638660E-1
8.486035167E0,2.579722106E-1,1.947399974E-2,3.993521631E-2,2.617703567E-1
8.495952167E0,2.532086372E-1,1.276336703E-2,2.222865634E-2,2.545027125E-1
8.505868167E0,2.535627484E-1,3.469957737E-3,1.097280346E-2,2.538237783E-1
8.515785167E0,2.582022250E-1,4.075889010E-4,-1.492388314E-3,2.582068596E-1
8.525701167E0,2.803200483E-1,1.675494714E-3,-5.916553782E-4,2.803256799E-1
8.535618167E0,3.008444905E-1,6.408568006E-4,6.112053990E-3,3.009072538E-1
8.545535167E0,3.315752745E-1,7.547615562E-3,1.095452439E-2,3.318420268E-1
8.555451167E0,3.539319634E-1,6.296196487E-3,1.566485874E-2,3.543343966E-1
8.565368167E0,3.710055351E-1,6.124988198E-3,1.091641746E-2,3.712166359E-1
8.575285167E0,3.752031922E-1,-8.724675281E-4,-1.127943210E-2,3.753737101E-1
8.585201167E0,3.752058446E-1,-1.047494449E-2,-3.045412153E-2,3.765854536E-1
8.595118167E0,3.770572841E-1,-2.358302288E-2,-5.112797394E-2,3.812380151E-1
8.605034167E0,3.782260716E-1,-2.828587405E-2,-6.256876886E-2,3.844085102E-1
8.614951167E0,3.868128955E-1,-2.771409228E-2,-6.412884593E-2,3.930709808E-1
8.624868167E0,3.932364583E-1,-2.750913985E-2,-5.701582879E-2,3.982994723E-1
8.634784167E0,3.864725530E-1,-1.878675446E-2,-4.735973850E-2,3.898165225E-1
8.644701167E0,3.846642971E-1,-1.513393689E-2,-3.406449035E-2,3.864661007E-1
8.654617167E0,3.793653846E-1,-9.759144858E-3,-1.345721819E-2,3.797294203E-1
8.664534167E0,3.803667724E-1,-1.341950847E-3,7.166849682E-4,3.803698148E-1
8.674451167E0,3.957121670E-1,-6.053349003E-3,-3.077786881E-3,3.957704321E-1
8.684367167E0,3.995052874E-1,-7.860648911E-4,-5.754102021E-4,3.995064751E-1
8.694284167E0,3.998773396E-1,-7.715343498E-3,-1.236389298E-2,4.001428234E-1
8.704200167E0,3.977329433E-1,-1.031012833E-2,-3.194040805E-2,3.991465678E-1
8.714117167E0,3.719996214E-1,-1.573498733E-2,-4.473796114E-2,3.750103909E-1
8.724034167E0,3.194141388E-1,-2.123733982E-2,-5.121214315E-2,3.241899139E-1
8.733950167E0,2.480435520E-1,-2.302511968E-2,-4.283490404E-2,2.527658775E-1
8.743867167E0,1.937359720E-1,-2.279695868E-2,-3.999914974E-2,1.991312637E-1
8.753783167E0,1.639405340E-1,-2.227418125E-2,-3.425417840E-2,1.689555757E-1
8.763700167E0,1.660021394E-1,-1.988606527E-2,-2.721844986E-2,1.693901116E-1
8.773617167E0,1.766297370E-1,-2.292180248E-2,-3.211626783E-2,1.809832249E-1
8.783533167E0,2.023125887E-1,-2.895964682E-2,-4.101311415E-2,2.084493229E-1
8.793450167E0,2.250213623E-1,-3.331018612E-2,-5.755960196E-2,2.346428984E-1
8.803367167E0,2.517516017E-1,-3.391249478E-2,-7.274799049E-2,2.642370080E-1
8.813283167E0,2.545007765E-1,-4.299200326E-2,-7.620716840E-2,2.691217013E-1
8.823200167E0,2.459281236E-1,-4.385799915E-2,-8.148483187E-2,2.627621432E-1
8.833116167E0,2.292596549E-1,-4.629612714E-2,-8.062037081E-2,2.473923300E-1
8.843033167E0,2.221932709E-1,-3.976193815E-2,-6.846376508E-2,2.358774014E-1
8.852950167E0,2.180616558E-1,-3.393893689E-2,-5.759061128E-2,2.280776527E-1
8.862866167E0,2.079364359E-1,-2.038168348E-2,-3.450306132E-2,2.117626871E-1
8.872783167E0,1.871243715E-1,-3.912428860E-3,-1.379831508E-2,1.876732027E-1
8.882699167E0,1.587138474E-1,2.755838446E-3,5.482823588E-3,1.588324317E-1
8.892616167E0,1.301221550E-1,3.443200141E-3,1.139131282E-2,1.306651937E-1
8.902533167E0,1.167548224E-1,6.839455105E-3,1.800343208E-2,1.183325411E-1
8.912449167E0,1.123837754E-1,6.417077966E-3,2.689545974E-2,1.157352912E-1
8.922366167E0,1.112237424E-1,1.609421149E-2,3.625516593E-2,1.180854841E-1
8.932282167E0,1.112564951E-1,2.201388590E-2,3.954443708E-2,1.201098721E-1
8.942199167E0,1.117160395E-1,2.374513447E-2,4.248006269E-2,1.218559010E-1
8.952116167E0,1.047819629E-1,2.767462842E-2,4.195435345E-2,1.162123599E-1
8.962032167E0,9.589238465E-2,3.006334417E-2,4.329559579E-2,1.094242327E-1
8.971949167E0,8.758226037E-2,3.368443996E-2,5.287312344E-2,1.077072932E-1
8.981865167E0,7.909899950E-2,3.347783536E-2,5.859770998E-2,1.039764819E-1
8.991782167E0,7.439399511E-2,3.600065038E-2,5.639580637E-2,1.000549864E-1
9.001699167E0,7.441075146E-2,2.555330470E-2,4.404625297E-2,9.016653323E-2
9.011615167E0,8.469641209E-2,3.001463041E-2,5.299447104E-2,1.043205359E-1
9.021532167E0,9.406564385E-2,3.131318465E-2,5.902144313E-2,1.153793380E-1
9.031448167E0,9.853975475E-2,3.529221565E-2,5.453747883E-2,1.180252530E-1
9.041365167E0,9.953809530E-2,3.890235350E-2,6.550011784E-2,1.253454864E-1
9.051282167E0,9.215448052E-2,4.711421207E-2,8.170785010E-2,1.318649689E-1
9.061198167E0,9.289569408E-2,5.302380025E-2,8.883816749E-2,1.390444295E-1
9.071115167E0,8.684099466E-2,6.531163305E-2,1.031084433E-1,1.497942551E-1
9.081031167E0,8.213970810E-2,6.146128476E-2,1.087651551E-1,1.495134781E-1
9.090948167E0,8.778428286E-2,6.115981936E-2,9.494521469E-2,1.430426426E-1
9.100865167E0,9.509421140E-2,5.349389091E-2,8.455074579E-2,1.380338148E-1
9.110781167E0,1.065266281E-1,5.013990402E-2,7.769790292E-2,1.410634488E-1
9.120698167E0,1.088428274E-1,3.340839222E-2,5.672436208E-2,1.272027319E-1
9.130614167E0,1.119510010E-1,2.180393226E-2,3.669073433E-2,1.198108846E-1
9.140531167E0,1.068781167E-1,3.512550145E-2,4.676344618E-2,1.218341191E-1
9.150448167E0,9.469228983E-2,2.915948629E-2,4.544784501E-2,1.090064769E-1
9.160364875E0,8.634369075E-2,2.554603666E-2,4.186964408E-2,9.930206451E-2
9.170281875E0,9.468045086E-2,2.520461939E-2,4.632564262E-2,1.083776996E-1
9.180197875E0,1.144125313E-1,2.513699606E-2,4.060931504E-2,1.239806934E-1
9.190114875E0,1.381431669E-1,1.765484549E-2,3.109304421E-2,1.426954993E-1
9.200031875E0,1.585234702E-1,-1.479824190E-3,1.954260515E-3,1.585424221E-1
9.209947875E0,1.738720685E-1,-2.486557513E-2,-4.149601236E-2,1.804763477E-1
9.219864875E0,1.684195548E-1,-2.995274216E-2,-3.733639419E-2,1.750894615E-1
9.229780875E0,1.574334800E-1,-3.205078095E-2,-4.308296368E-2,1.663390963E-1
9.239697875E0,1.461361498E-1,-3.720224276E-2,-4.944523424E-2,1.586966046E-1
9.249613875E0,1.508898884E-1,-3.575002030E-2,-5.438513309E-2,1.643276151E-1
9.259530875E0,1.547811776E-1,-3.980742022E-2,-5.092166737E-2,1.677344922E-1
9.269447875E0,1.559391320E-1,-5.005899444E-2,-3.742690012E-2,1.679990734E-1
9.279363875E0,1.640223861E-1,-5.894799903E-2,-1.632548124E-2,1.750563654E-1
9.289280875E0,1.714755148E-1,-6.427245587E-2,3.334506648E-3,1.831554522E-1
9.299196875E0,1.786711663E-1,-7.817731798E-2,1.327233296E-2,1.954769386E-1
9.309113875E0,1.824422032E-1,-6.580214202E-2,5.176323466E-3,1.940151378E-1
9.319030875E0,1.932716221E-1,-5.244248733E-2,1.353106741E-2,2.007167760E-1
9.328946875E0,2.105696499E-1,-4.227933288E-2,2.009788901E-2,2.157105575E-1
9.338863875E0,2.271099985E-1,-3.959658369E-2,4.368679225E-2,2.346388217E-1
9.348779875E0,2.367849946E-1,-3.443404287E-2,5.483851582E-2,2.454793266E-1
9.358696875E0,2.460810840E-1,-2.794592828E-2,4.078722000E-2,2.509989485E-1
9.368613875E0,2.448935807E-1,-9.430034086E-3,3.868784755E-2,2.481099372E-1
9.378529875E0,2.377275825E-1,-7.033421658E-3,1.538622659E-2,2.383287822E-1
9.388446875E0,2.306134850E-1,-1.923348056E-3,-1.379988715E-2,2.310340140E-1
9.398362875E0,2.191587687E-1,-1.361724921E-2,-1.790647954E-2,2.203103206E-1
9.408279875E0,2.004319578E-1,-4.368487000E-2,-3.657204285E-2,2.083719077E-1
9.418196875E0,1.903026998E-1,-4.935603589E-2,-5.855004117E-2,2.051322577E-1
9.428112875E0,1.894036233E-1,-3.395151347E-2,-6.311470270E-2,2.025090208E-1
9.438029875E0,1.932224929E-1,1.787150977E-3,-5.175130814E-2,2.000408048E-1
9.447945875E0,1.932350099E-1,1.996322535E-2,-3.205110505E-2,1.968897477E-1
9.457862875E0,1.842492223E-1,2.933497727E-2,-2.920571342E-2,1.888419723E-1
9.467778875E0,1.679954082E-1,3.714549541E-2,-4.504992440E-2,1.778531436E-1
9.477695875E0,1.444041729E-1,5.231981352E-2,-7.539419830E-2,1.710970870E-1
9.487612875E0,1.276166588E-1,6.853393465E-2,-7.999560982E-2,1.654757064E-1
9.497528875E0,1.157429814E-1,5.392401293E-2,-6.823569536E-2,1.447768871E-1
9.507445875E0,1.108073443E-1,2.040014416E-2,-5.564692989E-2,1.256623024E-1
9.517361875E0,1.161657721E-1,-8.993504569E-3,-3.875207901E-2,1.227888161E-1
9.527278875E0,1.207029969E-1,-2.338149771E-2,-4.097262397E-2,1.295942275E-1
9.537195875E0,1.372344196E-1,-1.079870015E-2,-2.994226851E-2,1.408773839E-1
9.547111875E0,1.370924860E-1,-1.419396326E-2,-2.099185716E-3,1.378413033E-1
9.557028875E0,1.420121938E-1,-2.684305422E-2,7.636871189E-3,1.447284856E-1
9.566944875E0,1.613765806E-1,2.266360680E-3,-1.279436797E-2,1.618988357E-1
9.576861875E0,1.771992594E-1,5.497115105E-2,-5.618505646E-3,1.856151195E-1
9.586777875E0,1.855868846E-1,7.479705662E-2,-9.010041133E-3,2.002954624E-1
9.596694875E0,1.805803478E-1,2.405403368E-2,1.603095978E-2,1.828793324E-1
9.606611875E0,2.058207244E-1,7.966944017E-3,2.580930479E-3,2.059910289E-1
9.616527875E0,2.519280016E-1,-1.619834639E-2,-2.261491679E-2,2.534591464E-1
9.626444875E0,3.089388311E-1,-2.652901411E-2,-3.189496696E-2,3.117118523E-1
9.636360875E0,3.639776707E-1,-2.501369640E-2,-3.630264848E-2,3.666378486E-1
9.646277875E0,4.040420055E-1,-2.424377576E-2,-3.000374138E-2,4.058792030E-1
9.656193875E0,4.250299037E-1,-1.299303770E-2,-7.793338038E-3,4.252998638E-1
9.666110875E0,4.149831235E-1,7.428081706E-3,1.513781026E-2,4.153255621E-1
9.676027875E0,3.929715753E-1,2.745505236E-2,3.943462670E-2,3.958983817E-1
9.685943875E0,3.698036671E-1,4.001798481E-2,5.612332746E-2,3.761728581E-1
9.695860875E0,3.476302028E-1,5.206189677E-2,6.665769964E-2,3.577715024E-1
9.705776875E0,3.107108176E-1,5.215883628E-2,5.068645999E-2,3.191095009E-1
9.715693875E0,2.865999341E-1,5.099583417E-2,5.065745488E-2,2.954763528E-1
9.725610875E0,2.787539959E-1,5.236576498E-2,5.662293732E-2,2.892267633E-1
9.735526875E0,2.948033512E-1,4.895512387E-2,5.790093914E-2,3.043979940E-1
9.745443875E0,3.215255141E-1,4.178669304E-2,4.482721537E-2,3.273137076E-1
9.755359875E0,3.563055694E-1,3.669887036E-2,4.371609911E-2,3.608483937E-1
9.765276875E0,3.843331933E-1,3.708955646E-2,4.353180900E-2,3.885648685E-1
9.775192875E0,4.095338881E-1,4.144622013E-2,4.507378116E-2,4.140862717E-1
9.785109875E0,4.377234578E-1,3.385780752E-2,4.437150434E-2,4.412675006E-1
9.795026875E0,4.652605057E-1,2.544505894E-2,3.323004022E-2,4.671391920E-1
9.804942875E0,4.889706373E-1,1.133430004E-2,1.489630900E-2,4.893287755E-1
9.814859875E0,5.090642571E-1,-2.691912698E-3,9.639712516E-5,5.090713836E-1
9.824775875E0,5.154877901E-1,-8.635289036E-3,-8.717866614E-3,5.156338150E-1
9.834692875E0,5.112690926E-1,-7.822846994E-3,-4.942373838E-3,5.113528224E-1
9.844608875E0,4.932352304E-1,4.844212439E-3,9.025906213E-3,4.933415915E-1
9.854525875E0,4.759414494E-1,1.627405547E-2,8.274165913E-3,4.762914758E-1
9.864442875E0,4.567962289E-1,1.239196490E-2,7.701319642E-3,4.570291740E-1
9.874358875E0,4.444883466E-1,1.722117886E-3,-8.176190313E-4,4.444924346E-1
9.884275875E0,4.381649494E-1,-1.628484577E-2,-9.874497540E-3,4.385786415E-1
9.894191875E0,4.364659190E-1,-3.166829422E-2,-3.419584036E-2,4.389473030E-1
9.904108875E0,4.020077884E-1,-4.564189911E-2,-2.413361892E-2,4.053096057E-1
9.914024875E0,3.623362780E-1,-2.342066169E-2,-2.032520063E-2,3.636608578E-1
9.923941875E0,3.295708895E-1,-1.064893976E-2,-6.763053127E-3,3.298122345E-1
9.933858875E0,3.201162517E-1,-2.327527106E-2,-1.995887049E-2,3.215812640E-1
9.943774875E0,3.103520274E-1,-4.893828928E-2,-2.045048960E-2,3.148516470E-1
9.953691875E0,2.892901897E-1,-3.016128205E-2,-1.552705932E-2,2.912723921E-1
9.963607875E0,2.746505141E-1,-3.557149321E-2,5.696183071E-4,2.769450496E-1
9.973524875E0,2.454396188E-1,3.963629715E-3,1.600056142E-2,2.459925503E-1
9.983440875E0,2.225305736E-1,9.299539030E-3,1.904934831E-2,2.235379504E-1
9.993357875E0,2.015126050E-1,8.162813261E-3,9.828824550E-3,2.019172288E-1
1.000327488E1,1.852721125E-1,-4.146850668E-3,-1.623833785E-3,1.853256293E-1
1.001319088E1,1.521403790E-1,-2.527789585E-2,-1.219660509E-2,1.547075438E-1
1.002310788E1,1.170915812E-1,-1.934863441E-2,-3.076123446E-2,1.226012300E-1
1.003302387E1,1.068098322E-1,-3.944358975E-2,-1.732314005E-2,1.151704311E-1
1.004294087E1,1.098676771E-1,-3.317423910E-2,-1.842222735E-2,1.162360317E-1
1.005285688E1,1.345747709E-1,-1.933404058E-2,4.760178737E-3,1.360398228E-1
1.006277388E1,1.783313006E-1,2.463022061E-2,4.226414487E-2,1.849187889E-1
1.007269088E1,2.327513099E-1,2.849457413E-2,1.995532960E-2,2.353366274E-1
1.008260687E1,3.010861576E-1,2.846847475E-2,2.008422650E-2,3.030952070E-1
1.009252387E1,3.798031509E-1,4.262040928E-2,4.623225331E-2,3.849731860E-1
1.010243988E1,4.505473673E-1,6.348919868E-2,6.031744555E-2,4.589793054E-1
1.011235688E1,5.104084611E-1,7.224365324E-2,6.873725355E-2,5.200584127E-1
1.012227287E1,5.189654827E-1,6.597323716E-2,5.853494629E-2,5.264066681E-1
1.013218987E1,5.003192425E-1,5.106298253E-2,4.764997959E-2,5.051705585E-1
1.014210687E1,4.949489534E-1,3.752613440E-2,3.467426077E-2,4.975791209E-1
1.015202288E1,4.878755212E-1,4.008971155E-2,3.411431983E-2,4.907071387E-1
1.016194012E1,4.745048285E-1,3.988811001E-2,2.963088825E-2,4.770994478E-1
1.017185613E1,4.591707885E-1,2.771206573E-2,2.178470418E-2,4.605218181E-1
1.018177313E1,4.431204498E-1,1.645488292E-2,3.815558273E-3,4.434422788E-1
1.019168913E1,4.325060248E-1,3.899340983E-3,-3.313701600E-3,4.325362956E-1
1.020160612E1,4.205095470E-1,-6.462752819E-3,-1.442564768E-3,4.205616807E-1
1.021152212E1,4.107324183E-1,-6.360061932E-3,-5.434833467E-3,4.108176082E-1
1.022143913E1,4.097957909E-1,-9.063969366E-3,-5.066784564E-3,4.099273327E-1
1.023135613E1,4.059596658E-1,-6.055430975E-3,-6.592246704E-3,4.060583409E-1
1.024127213E1,4.006469250E-1,-8.389691822E-3,-5.865203217E-3,4.007776766E-1
1.025118912E1,3.968713582E-1,-6.690861192E-3,-2.348765498E-3,3.969347040E-1
1.026110512E1,4.013499916E-1,-3.834305098E-4,-9.170501726E-4,4.013512224E-1
1.027102213E1,4.114089608E-1,-4.454652080E-4,8.277358720E-4,4.114100347E-1
1.028093813E1,4.212107062E-1,-1.527241198E-3,3.225343535E-4,4.212135985E-1
1.029085513E1,4.246575236E-1,-4.910755670E-4,3.519119695E-3,4.246723887E-1
1.030077212E1,4.300506711E-1,-2.363277832E-3,1.409629826E-3,4.300594748E-1
1.031068812E1,4.310826361E-1,2.515951637E-3,2.353606746E-3,4.310964030E-1
1.032060513E1,4.316453636E-1,8.124302141E-3,7.885258645E-3,4.317938183E-1
1.033052113E1,4.360904396E-1,1.779743657E-2,1.191249117E-2,4.366159957E-1
1.034043813E1,4.413131773E-1,3.637857735E-2,2.776096202E-2,4.436793802E-1
1.035035412E1,4.454959333E-1,5.132415146E-2,4.008996487E-2,4.502310522E-1
1.036027112E1,4.558444321E-1,6.322927773E-2,4.519950598E-2,4.624230565E-1
1.037018713E1,4.627893567E-1,5.786279589E-2,4.190234467E-2,4.682711803E-1
1.038010413E1,4.674381912E-1,4.941897467E-2,3.707057238E-2,4.715028366E-1
1.039002113E1,4.758768082E-1,3.784418851E-2,2.663489804E-2,4.781216759E-1
1.039993712E1,4.833270013E-1,2.733082697E-2,2.007047273E-2,4.845150031E-1
1.040985412E1,4.837972224E-1,2.571764030E-2,1.402440388E-2,4.846832299E-1
1.041977013E1,4.818722904E-1,2.912329137E-2,2.084422484E-2,4.832013577E-1
1.042968713E1,4.790058136E-1,3.859208897E-2,2.757059410E-2,4.813481655E-1
1.043960312E1,4.751460850E-1,4.740395769E-2,3.289745003E-2,4.786367929E-1
1.044952012E1,4.703935385E-1,4.518650100E-2,3.341098502E-2,4.737385300E-1
1.045943612E1,4.718697071E-1,4.099175707E-2,3.220536932E-2,4.747404875E-1
1.046935313E1,4.712157845E-1,4.075271264E-2,2.494661137E-2,4.736321702E-1
1.047927013E1,4.727686942E-1,3.616302088E-2,2.311914973E-2,4.747130684E-1
1.048918612E1,4.672241211E-1,2.700789087E-2,1.783579588E-2,4.683438065E-1
1.049910312E1,4.688345492E-1,1.274320111E-2,9.873210452E-3,4.691116114E-1
1.050901913E1,4.713996649E-1,8.860364556E-3,2.655901015E-3,4.714904070E-1
1.051893613E1,4.619534314E-1,4.262150265E-3,-4.395616706E-3,4.619940044E-1
1.052885213E1,4.539750516E-1,4.382274579E-3,-4.206649028E-3,4.540156911E-1
1.053876912E1,4.410549998E-1,-5.561969243E-3,-6.906827912E-3,4.411441404E-1
1.054868512E1,4.351689517E-1,-1.204536203E-2,-1.191681810E-2,4.354987002E-1
1.055860213E1,4.273778796E-1,-1.746489480E-2,-1.041905675E-2,4.278614627E-1
1.056851913E1,4.291397035E-1,-7.213483099E-3,-4.925535060E-3,4.292285875E-1
1.057843513E1,4.319911599E-1,-9.557863697E-3,-1.413624384E-3,4.320991939E-1
1.058835212E1,4.303426743E-1,-2.247308148E-3,4.917689366E-4,4.303488231E-1
1.059826812E1,4.353214502E-1,1.779924147E-3,1.780485036E-4,4.353251255E-1
1.060818513E1,4.316468835E-1,6.898111664E-3,5.598186515E-3,4.317382953E-1
1.061810113E1,4.268739522E-1,6.758827716E-3,7.019249722E-3,4.269851551E-1
1.062801813E1,4.070925117E-1,1.680391841E-2,1.320700534E-2,4.076531733E-1
1.063793412E1,3.767617941E-1,8.281801827E-3,3.956515808E-3,3.768735753E-1
1.064785112E1,3.594857156E-1,1.316637034E-3,-2.828145865E-3,3.594992513E-1
1.065776813E1,3.279581666E-1,-1.368361991E-3,-6.959773600E-3,3.280348608E-1
1.066768413E1,2.931084335E-1,5.640387535E-3,-1.110750018E-3,2.931648027E-1
1.067760113E1,2.661242187E-1,4.978858866E-3,-1.432295796E-2,2.665558777E-1
1.068751712E1,2.454618812E-1,-3.996136133E-3,-1.648803428E-2,2.460474740E-1
1.069743412E1,2.120304257E-1,1.539510209E-3,-4.994630814E-3,2.120948322E-1
1.070735013E1,1.885346174E-1,-5.642626435E-3,-8.102080785E-3,1.887929684E-1
1.071726713E1,1.733924150E-1,-2.206128091E-2,-1.012927853E-2,1.750835001E-1
1.072718313E1,1.755400598E-1,2.287795022E-2,7.170171477E-3,1.771697620E-1
1.073710012E1,1.772319674E-1,2.047471330E-2,1.358093228E-2,1.789268730E-1
1.074701712E1,1.708841026E-1,4.377949983E-2,3.073414415E-2,1.790603494E-1
1.075693313E1,1.547866315E-1,2.799867094E-2,2.488504350E-2,1.592548029E-1
1.076685013E1,1.152203232E-1,3.414702043E-2,3.068480641E-2,1.240294289E-1
1.077676612E1,1.065069959E-1,3.205457330E-2,1.055210829E-2,1.117254797E-1
1.078668312E1,1.315638721E-1,3.595894575E-2,2.235753648E-2,1.382098320E-1
1.079659912E1,1.165692061E-1,6.393918395E-2,4.693158716E-2,1.409935209E-1
1.080651613E1,1.490132064E-1,6.455378979E-2,3.040149063E-2,1.652161556E-1
1.081643213E1,1.741675586E-1,6.129594892E-2,4.000351951E-2,1.889227709E-1
1.082634912E1,2.055394799E-1,3.056557104E-2,2.457095496E-2,2.092473745E-1
1.083626512E1,2.696337700E-1,3.406922519E-2,1.720598340E-2,2.723217360E-1
1.084618212E1,3.163022399E-1,4.404294118E-2,2.625240572E-2,3.204310791E-1
1.085609913E1,3.154777288E-1,5.016554520E-2,2.581910789E-2,3.204830817E-1
1.086601513E1,3.072872758E-1,3.471022844E-2,1.806955412E-2,3.097689116E-1
1.087593212E1,2.988053858E-1,2.113263495E-2,7.792948745E-3,2.996530943E-1
1.088584812E1,2.836737037E-1,1.055604778E-2,3.477373160E-3,2.838913391E-1
1.089576512E1,2.742421031E-1,5.236383062E-3,3.057658672E-3,2.743091324E-1
1.090568113E1,2.695791423E-1,-1.740208711E-3,1.939200680E-3,2.695917336E-1
1.091559813E1,2.649771869E-1,-5.122156814E-3,-2.823064104E-3,2.650417246E-1
1.092551412E1,2.674100697E-1,-1.315398375E-3,2.676870441E-3,2.674267026E-1
1.093543112E1,2.750549316E-1,-4.667785484E-3,1.685109455E-3,2.750996969E-1
1.094534713E1,2.844757736E-1,-3.488968126E-3,-5.508983741E-4,2.844977015E-1
1.095526413E1,2.941172123E-1,-6.299934350E-3,2.245686948E-3,2.941932475E-1
1.096518113E1,3.038385510E-1,-4.068738315E-3,3.057951108E-3,3.038811787E-1
1.097509712E1,3.063094318E-1,-1.761641819E-3,1.484023058E-3,3.063180924E-1
1.098501412E1,3.109782934E-1,-1.899290713E-3,1.750533702E-4,3.109841426E-1
1.099493013E1,3.187123537E-1,3.745162394E-4,-1.798348967E-3,3.187176473E-1
1.100484713E1,3.225933909E-1,-3.504469525E-3,2.827759366E-3,3.226248183E-1
1.101476313E1,3.344564438E-1,-1.247706823E-3,5.278533790E-4,3.344591876E-1
1.102468012E1,3.456327915E-1,1.149301603E-2,4.693883471E-3,3.458556759E-1
1.103459612E1,3.590673804E-1,8.634911850E-3,3.636076115E-3,3.591895968E-1
1.104451313E1,3.662962317E-1,2.064313507E-3,-1.580407843E-5,3.663020489E-1
1.105442913E1,3.698436022E-1,-3.796693636E-4,-2.965787426E-3,3.698556882E-1
1.106434613E1,3.797259927E-1,5.328918807E-3,-4.729617387E-3,3.797928332E-1
1.107426312E1,3.865772188E-1,8.181963116E-3,-3.175929189E-3,3.866768381E-1
1.108417912E1,3.928226233E-1,9.924290702E-3,-2.235468011E-3,3.929543258E-1
1.109409613E1,3.949906826E-1,1.551133581E-2,-7.845779182E-4,3.952959100E-1
1.110401213E1,3.960323334E-1,3.496766463E-2,1.031382754E-2,3.977068288E-1
1.111392913E1,3.925643563E-1,3.125122190E-2,9.757228196E-3,3.939271712E-1
1.112384512E1,3.893633187E-1,2.711554617E-2,8.782682009E-3,3.904051515E-1
1.113376212E1,3.929551244E-1,1.404768229E-2,6.555214524E-3,3.932607761E-1
1.114367813E1,3.917945027E-1,1.141807623E-2,1.053389744E-3,3.919622615E-1
1.115359513E1,3.959231973E-1,-4.701771773E-3,1.734815305E-4,3.959511522E-1
1.116351075E1,3.976586759E-1,-3.711144906E-3,-5.460829707E-4,3.976763676E-1
1.117342775E1,4.020235837E-1,-6.598543841E-3,5.119908601E-4,4.020780580E-1
1.118334375E1,3.945423067E-1,-6.259311922E-3,-8.624990005E-5,3.945919641E-1
1.119326075E1,3.985919058E-1,-2.062170301E-3,8.898612577E-5,3.985972502E-1
1.120317775E1,3.986724019E-1,-1.608510152E-3,-1.477145823E-3,3.986783833E-1
1.121309375E1,4.000188708E-1,-4.704701249E-3,5.343396915E-4,4.000468932E-1
1.122301075E1,3.982467353E-1,-1.765981899E-3,5.663790507E-4,3.982510536E-1
1.123292675E1,4.085052311E-1,2.716025338E-4,4.321556771E-4,4.085055500E-1
1.124284375E1,4.060066640E-1,-5.731969140E-4,4.154896596E-4,4.060072813E-1
1.125275975E1,4.031815827E-1,2.555484651E-3,2.640028019E-3,4.031983245E-1
1.126267675E1,4.110910296E-1,-1.032979321E-2,7.753298851E-4,4.112215223E-1
1.127259275E1,4.038632214E-1,-1.148427371E-2,2.360709477E-3,4.040333688E-1
1.128250975E1,4.086668789E-1,-5.361286458E-4,-8.515180089E-4,4.086681177E-1
1.129242575E1,4.065624475E-1,-7.939716801E-3,4.827140365E-3,4.066686171E-1
1.130234275E1,4.087658226E-1,1.453125570E-2,5.265350454E-3,4.090579165E-1
1.131225875E1,4.054307640E-1,-1.908369549E-2,1.029419806E-2,4.060101751E-1
1.132217575E1,4.145548046E-1,-1.436791196E-2,1.206474006E-2,4.149791330E-1
1.133209275E1,4.131148458E-1,7.760292850E-3,1.687867008E-2,4.135323294E-1
1.134200875E1,4.072427452E-1,1.377600711E-3,8.782081306E-3,4.073397553E-1
1.135192575E1,4.093759358E-1,4.930523690E-3,7.401231211E-3,4.094725206E-1
1.136184175E1,4.125589728E-1,1.671717875E-2,1.325749699E-2,4.131103138E-1
1.137175875E1,4.212512672E-1,-1.524675637E-3,2.206563577E-2,4.218315387E-1
1.138167475E1,4.285549521E-1,-1.511979662E-2,1.585473493E-2,4.291145860E-1
1.139159175E1,4.277696013E-1,-1.282574888E-2,1.206878666E-2,4.281319741E-1
1.140150775E1,4.156596065E-1,1.614363864E-2,1.304253284E-2,4.161774059E-1
1.141142475E1,4.164255261E-1,2.055330202E-2,1.563991420E-2,4.172256751E-1
1.142134075E1,3.520781696E-1,-9.390786290E-3,1.255407580E-3,3.522056223E-1
1.143125775E1,2.284584939E-1,-2.565284632E-2,1.993102953E-3,2.299028587E-1
1.144117375E1,2.659972310E-1,-6.311213970E-2,-1.478988025E-2,2.737816824E-1
1.145109075E1,2.959340811E-1,-4.418957606E-2,4.614710808E-3,2.992507219E-1
1.146100675E1,3.179949820E-1,-4.810110852E-2,9.702783078E-3,3.217587127E-1
1.147092375E1,2.998481989E-1,-2.729835734E-2,-6.553418934E-3,3.011595756E-1
1.148084075E1,2.467147261E-1,-5.062086880E-2,-8.087326773E-3,2.519841925E-1
1.149075675E1,1.057906300E-1,-4.575074464E-2,-4.016163945E-2,1.220563202E-1
1.150067375E1,2.770047784E-1,-7.466597855E-2,-3.925630823E-3,2.869182221E-1
1.151058975E1,2.199382931E-1,-6.283514947E-2,1.251965482E-2,2.290804456E-1
1.152050675E1,1.605439335E-1,-2.592906728E-2,-4.440887272E-2,1.685788216E-1
1.153042275E1,2.181827277E-1,-6.475342810E-2,1.967210695E-2,2.284375208E-1
1.154033975E1,2.442455292E-1,-2.993917279E-2,1.017886493E-2,2.462840675E-1
1.155025575E1,1.654415280E-1,-9.860269725E-3,1.076449454E-2,1.660843112E-1
1.156017275E1,1.732019782E-1,1.526767574E-2,-4.232718609E-3,1.739251077E-1
1.157008875E1,2.065506130E-1,3.062186390E-2,3.244246915E-2,2.113134357E-1
1.158000575E1,2.235666960E-1,1.375396550E-2,1.361286175E-2,2.244026496E-1
1.158992175E1,2.140696049E-1,1.949760504E-2,8.882288821E-3,2.151391350E-1
1.159983875E1,2.119888514E-1,1.167780999E-2,8.142084815E-3,2.124663219E-1
1.160975575E1,2.359170914E-1,3.674454615E-2,3.043196630E-3,2.387808550E-1
1.161967175E1,2.259455174E-1,3.925944492E-2,1.483748667E-2,2.298104259E-1
1.162958875E1,2.805099487E-1,7.983537018E-2,1.146166306E-2,2.918747803E-1
1.163950475E1,3.295810521E-1,8.225955814E-2,2.459651232E-2,3.405808174E-1
1.164942175E1,3.474002779E-1,1.519920379E-1,3.235509619E-2,3.805724437E-1
1.165933775E1,3.434388936E-1,1.272145510E-1,3.177826107E-2,3.676189242E-1
1.166925475E1,3.563810587E-1,6.437193602E-2,3.141234443E-2,3.635078273E-1
1.167917075E1,3.569515646E-1,4.164668918E-2,3.380037472E-2,3.609589055E-1
1.168908775E1,3.443270922E-1,3.095383197E-2,2.994518168E-2,3.470100863E-1
1.169900375E1,3.391308784E-1,3.247797489E-2,1.373384148E-2,3.409592204E-1
1.170892075E1,3.378928006E-1,2.918604575E-2,-8.118110709E-4,3.391519261E-1
1.171883675E1,3.281562328E-1,2.628764510E-2,-1.379969995E-2,3.294965632E-1
1.172875375E1,3.229601383E-1,2.435951680E-2,-2.942126803E-2,3.252110822E-1
1.173866975E1,3.114928603E-1,3.026311100E-2,-4.855420068E-2,3.167035969E-1
1.174858675E1,3.045532107E-1,3.173477575E-2,-5.348690972E-2,3.108385492E-1
1.175850275E1,2.983001769E-1,2.664861642E-2,-5.124914646E-2,3.038414377E-1
1.176841975E1,2.849446833E-1,1.766444184E-2,-5.088482797E-2,2.899909839E-1
1.177833575E1,2.765510082E-1,4.046799615E-3,-4.297149554E-2,2.798988856E-1
1.178825275E1,2.691657841E-1,-1.305788476E-2,-3.502302244E-2,2.717486703E-1
1.179816975E1,2.655731440E-1,-1.263585314E-2,-2.426856384E-2,2.669788808E-1
1.180808575E1,2.610015571E-1,-1.174316183E-2,-9.789756499E-3,2.614489510E-1
1.181800275E1,2.538339198E-1,-1.504681259E-2,-4.284736235E-3,2.543155999E-1
1.182791875E1,2.510320246E-1,-1.477809995E-2,-3.056752495E-3,2.514852150E-1
1.183783575E1,2.471986413E-1,-2.148810774E-2,-1.277482510E-2,2.484594599E-1
1.184775175E1,2.460675985E-1,-2.136693522E-2,-1.260864362E-2,2.473151569E-1
1.185766875E1,2.480953932E-1,-1.029196754E-2,-1.468547154E-2,2.487426618E-1
1.186758475E1,2.462759167E-1,-4.159017699E-4,-1.954121329E-2,2.470503170E-1
1.187750175E1,2.415578067E-1,-7.222179789E-3,-2.402302064E-2,2.428568290E-1
1.188741775E1,2.370530665E-1,-1.159775257E-2,-3.702590615E-2,2.402073728E-1
1.189733475E1,2.340546548E-1,-1.778201573E-2,-4.184911028E-2,2.384305550E-1
1.190725075E1,2.314349115E-1,-1.400405541E-2,-4.426166788E-2,2.360451801E-1
1.191716775E1,2.291383147E-1,-7.653413340E-3,-4.817520827E-2,2.342729022E-1
1.192708375E1,2.251552939E-1,-2.206777222E-2,-4.260147735E-2,2.302102926E-1
1.193700075E1,2.325230241E-1,-5.373765528E-2,-3.703062981E-2,2.415076808E-1
1.194691675E1,2.368237674E-1,-6.400813907E-2,-2.873967588E-2,2.469990033E-1
1.195683375E1,2.361037582E-1,-7.464793324E-2,-1.821035892E-2,2.482919970E-1
1.196674975E1,2.445781976E-1,-9.105859697E-2,-5.782983266E-3,2.610433024E-1
1.197666675E1,2.560203671E-1,-7.809297740E-2,1.949891099E-3,2.676728294E-1
1.198658375E1,2.679007053E-1,-6.587067246E-2,1.764283329E-2,2.764434897E-1
1.199649975E1,2.882664502E-1,-7.838726044E-2,2.682221681E-2,2.999358935E-1
1.200641675E1,2.981691360E-1,-6.742701679E-2,2.439661138E-2,3.066699055E-1
1.201633275E1,2.998488545E-1,-1.218831819E-2,2.051123045E-2,3.007966111E-1
1.202624975E1,3.114914000E-1,-2.713051625E-2,2.197463624E-2,3.134419274E-1
1.203616575E1,3.219480217E-1,-5.550165474E-2,1.508516539E-2,3.270451414E-1
1.204608275E1,3.227602839E-1,-3.879218549E-2,1.303266734E-2,3.253442561E-1
1.205599875E1,3.145104647E-1,-5.098469555E-3,6.204342935E-3,3.146129696E-1
1.206591575E1,3.074754775E-1,2.620246075E-2,-1.152219065E-2,3.088049531E-1
1.207583175E1,3.058239520E-1,5.023457482E-2,-2.715905569E-2,3.111099748E-1
1.208574875E1,3.037070036E-1,5.333182961E-2,-3.497596458E-2,3.103313490E-1
1.209566475E1,2.967623770E-1,5.823372304E-2,-3.736037388E-2,3.047209748E-1
1.210558175E1,2.934624553E-1,4.863062873E-2,-4.358285293E-2,3.006403429E-1
1.211549775E1,2.951227129E-1,3.190183640E-2,-4.273719341E-2,2.999026684E-1
1.212541475E1,2.940015197E-1,1.861958764E-2,-3.981038183E-2,2.972683117E-1
1.213533075E1,2.896658182E-1,2.090281993E-2,-3.798110411E-2,2.928920934E-1
1.214524775E1,2.877824306E-1,4.411573336E-2,-4.385976493E-2,2.944292857E-1
1.215516375E1,2.877997160E-1,4.370223358E-2,-4.858654365E-2,2.951257596E-1
1.216508000E1,2.858332396E-1,2.992703393E-2,-5.153199658E-2,2.919791343E-1
1.217499600E1,2.903992534E-1,2.040950768E-2,-4.638930038E-2,2.947884692E-1
1.218491300E1,2.851392627E-1,9.829568677E-3,-4.642285779E-2,2.890607225E-1
1.219482900E1,2.812823057E-1,-5.509054754E-3,-5.203078687E-2,2.861071267E-1
1.220474600E1,2.682288289E-1,-1.470015571E-2,-5.712994188E-2,2.746390895E-1
1.221466200E1,2.641830146E-1,-1.791038737E-2,-6.094714254E-2,2.717130865E-1
1.222457900E1,2.497201860E-1,-3.091114014E-2,-6.344412267E-2,2.595011109E-1
1.223449600E1,2.395331264E-1,-4.224126041E-2,-6.074633822E-2,2.507001402E-1
1.224441200E1,2.208129764E-1,-3.682492301E-2,-4.279210418E-2,2.279157951E-1
1.225432900E1,2.072986066E-1,-4.171131179E-2,-1.887384243E-2,2.122940597E-1
1.226424500E1,1.915047318E-1,-3.623505309E-2,-8.454490453E-3,1.950859292E-1
1.227416200E1,1.825681776E-1,-3.831146285E-2,-3.591730027E-3,1.865792276E-1
1.228407800E1,1.725288481E-1,-4.513634741E-2,5.616415758E-3,1.784237579E-1
1.229399500E1,1.649050713E-1,-4.090419412E-2,1.669417322E-2,1.707206228E-1
1.230391100E1,1.613297760E-1,-3.645272180E-2,2.702138014E-2,1.675895359E-1
1.231382800E1,1.646063179E-1,-2.976220287E-2,4.073832929E-2,1.721645727E-1
1.232374400E1,1.693070680E-1,-1.863125525E-2,4.309229925E-2,1.756956266E-1
1.233366100E1,1.678537577E-1,-1.008921117E-2,4.518693313E-2,1.741221844E-1
1.234357700E1,1.624989361E-1,4.418358207E-3,3.799106926E-2,1.669393526E-1
1.235349400E1,1.584174037E-1,1.049076393E-2,3.516629711E-2,1.626124177E-1
1.236341000E1,1.543281227E-1,1.030674018E-2,3.586990386E-2,1.587767249E-1
1.237332700E1,1.512219459E-1,1.310335100E-2,3.579729050E-2,1.559526234E-1
1.238324300E1,1.545058936E-1,1.632843725E-2,4.344082996E-2,1.613251212E-1
1.239316000E1,1.701921523E-1,4.062432051E-2,4.516335204E-2,1.807081417E-1
1.240307600E1,1.713149548E-1,5.867469311E-2,4.036806151E-2,1.855292800E-1
1.241299300E1,1.788153052E-1,5.585252866E-2,4.015965387E-2,1.915912737E-1
1.242290900E1,1.846090108E-1,4.837756976E-2,4.112611338E-2,1.952235471E-1
1.243282600E1,1.932082623E-1,4.261574522E-2,5.120596290E-2,2.043711942E-1
1.244274200E1,1.949555576E-1,4.624243826E-2,5.036627129E-2,2.065981457E-1
1.245265900E1,1.927381754E-1,4.506225884E-2,4.744740203E-2,2.035432814E-1
1.246257500E1,1.891807169E-1,3.765653819E-2,4.357436672E-2,1.977525826E-1
1.247249200E1,1.869062185E-1,3.226957098E-2,4.774162918E-2,1.955876348E-1
1.248240800E1,1.820411533E-1,2.231247025E-3,4.844922945E-2,1.883913156E-1
1.249232500E1,1.785229594E-1,-2.382904105E-2,5.566847324E-2,1.885132598E-1
1.250224100E1,1.719505340E-1,-5.339492112E-2,5.889276415E-2,1.894369589E-1
1.251215800E1,1.616404802E-1,-6.187080592E-2,5.774365738E-2,1.824553957E-1
1.252207400E1,1.481478363E-1,-4.460899159E-2,4.759434983E-2,1.618733013E-1
1.253199100E1,1.383711100E-1,-1.745531708E-2,3.269539773E-2,1.432488785E-1
1.254190700E1,1.338384151E-1,8.521157317E-3,1.433529705E-2,1.348733933E-1
1.255182400E1,1.275147349E-1,8.960045874E-3,8.143713698E-3,1.280882903E-1
1.256174000E1,1.207729429E-1,4.961842671E-3,7.292066002E-4,1.208770258E-1
1.257165700E1,1.081088185E-1,-2.156967530E-3,-1.192337181E-2,1.087857341E-1
1.258157400E1,1.001219973E-1,6.408557296E-3,-2.202714048E-2,1.027164975E-1
1.259149000E1,9.154076874E-2,1.360024419E-2,-3.257102892E-2,9.810989200E-2
1.260140700E1,8.322371542E-2,1.787594892E-2,-3.677189723E-2,9.272490919E-2
1.261132300E1,7.729315758E-2,2.463039011E-2,-4.098817334E-2,9.088959610E-2
1.262124000E1,7.270613313E-2,3.338846192E-2,-4.287209362E-2,9.076886908E-2
1.263115600E1,7.153300941E-2,2.621816657E-2,-4.077245668E-2,8.641039820E-2
1.264107300E1,7.342598587E-2,5.998382345E-3,-2.435460128E-2,7.759189774E-2
1.265098900E1,7.497534901E-2,-1.180177741E-2,-1.107029337E-2,7.670160562E-2
1.266090600E1,7.461475581E-2,-1.801226847E-2,-2.033655532E-3,7.678502038E-2
1.267082200E1,7.519865781E-2,-2.461898141E-2,1.971748890E-3,7.915061703E-2
1.268073900E1,7.569107413E-2,-2.453296073E-2,6.690870970E-3,7.984843530E-2
1.269065500E1,7.342748344E-2,-2.170922048E-2,1.037626714E-2,7.726935031E-2
1.270057200E1,6.838159263E-2,-1.737386174E-2,1.321679447E-2,7.178145261E-2
1.271048800E1,6.749689579E-2,-1.160643343E-2,1.288160309E-2,6.968842039E-2
1.272040500E1,6.374849379E-2,-6.913410965E-3,1.119129453E-2,6.509155694E-2
1.273032100E1,5.914590508E-2,-8.285005577E-3,1.777172089E-2,6.231142326E-2
1.274023800E1,5.186375976E-2,-2.914208919E-3,1.714667678E-2,5.470238308E-2
1.275015400E1,4.712903872E-2,3.384234384E-3,1.950701326E-2,5.111871379E-2
1.276007100E1,3.947165236E-2,1.201260928E-2,1.384939533E-2,4.352148748E-2
1.276998700E1,3.170203790E-2,2.170866542E-2,6.234738510E-3,3.892502184E-2
1.277990400E1,2.417887375E-2,2.751302533E-2,-1.557404408E-3,3.666074204E-2
1.278982000E1,2.001160011E-2,3.437221423E-2,-5.313385278E-3,4.012661602E-2
1.279973700E1,1.325915568E-2,4.406346008E-2,-1.197554916E-2,4.754794950E-2
1.280965300E1,7.131058723E-3,5.234897882E-2,-1.646452770E-2,5.533848800E-2
1.281957000E1,4.143007100E-4,4.187130183E-2,-1.582430303E-2,4.476366974E-2
1.282948600E1,-4.403346218E-3,2.816072479E-2,-1.135052647E-2,3.067980329E-2
1.283940300E1,-8.602884598E-3,1.690540649E-2,-3.506717971E-3,1.928987981E-2
1.284931900E1,-1.393895783E-2,1.495720074E-2,5.826127017E-4,2.045365094E-2
1.285923600E1,-1.632861234E-2,1.570208557E-2,-4.530906444E-4,2.265798675E-2
1.286915200E1,-2.257613465E-2,2.397875115E-2,-1.039450755E-3,3.295061184E-2
1.287906900E1,-2.340837382E-2,1.648514904E-2,2.846729476E-4,2.863203001E-2
1.288898500E1,-2.149042487E-2,3.724669339E-3,-3.603447927E-3,2.210647778E-2
1.289890200E1,-2.569981851E-2,-3.804353299E-3,-2.800504677E-3,2.613037699E-2
1.290881800E1,-4.167783633E-2,1.395756379E-2,-3.898583818E-3,4.412544146E-2
1.291873500E1,-5.507140979E-2,3.427428752E-2,-2.036235295E-3,6.489786757E-2
1.292865100E1,-5.180132389E-2,4.726980999E-2,-8.597664535E-3,7.065218984E-2
1.293856800E1,-5.493533239E-2,3.654765710E-2,-7.625343744E-3,6.642114009E-2
1.294848400E1,-4.728543758E-2,1.829658262E-2,-3.040674608E-3,5.079294484E-2
1.295840100E1,-4.088532925E-2,9.030913003E-3,7.096270565E-5,4.187090366E-2
1.296831700E1,-3.305497020E-2,-1.361300936E-3,-3.832788207E-3,3.330427091E-2
1.297823400E1,-2.629506588E-2,-1.694532111E-2,-1.079349220E-2,3.309190038E-2
1.298815000E1,-2.306911349E-2,-2.850234509E-2,-1.735391840E-2,4.056755054E-2
1.299806700E1,-2.840315923E-2,-5.006249622E-2,-1.577120088E-2,5.968017894E-2
1.300798300E1,-4.559593648E-2,-6.212010235E-2,-1.227386575E-2,7.802912481E-2
1.301790000E1,-4.973129928E-2,-6.349482387E-2,-1.177212596E-2,8.150691833E-2