time_tick,acc_X_value,acc_Y_value,acc_Z_value
3187385699714,0.057373047,-0.08255005,9.24704
3187385699718,0.057373047,-0.08255005,9.24704
3187385699723,0.0692749,-0.08016968,9.425568
3187385699727,0.11450195,-0.115875244,9.623138
3187385699733,0.09307861,-0.115875244,9.69931
3187385699738,0.11212158,-0.07778931,9.530304
3187385699743,0.06689453,-0.06826782,9.43985
3187385699748,0.01928711,-0.09921265,9.413666
3187385699753,0.057373047,-0.1111145,9.399384
3187385699757,0.054992676,-0.09207153,9.475555
3187385699762,0.059753418,-0.09921265,9.508881
3187385699768,0.052612305,-0.12539673,9.56839
3187385699773,-0.0021362305,-0.08969116,9.520782
3187385699778,0.012145996,-0.094451904,9.461273
3187385699782,0.0692749,-0.096832275,9.406525
3187385699787,0.035949707,-0.07064819,9.527924
3187385699792,0.035949707,-0.03970337,9.539825
3187385699797,0.028808594,-0.053985596,9.520782
3187385699802,0.04071045,-0.08255005,9.461273
3187385699807,0.06689453,-0.032562256,9.520782
3187385699812,0.047851563,0.0055236816,9.461273
3187385699817,0.08117676,-0.049224854,9.435089
3187385699822,0.07879639,0.0055236816,9.5017395
3187385699827,0.06689453,-0.030181885,9.527924
3187385699832,0.054992676,-0.053985596,9.487457
3187385699837,0.095458984,-0.07064819,9.451752
3187385699842,0.07879639,-0.10159302,9.461273
3187385699847,0.076416016,-0.11349487,9.466034
3187385699852,0.057373047,-0.12063599,9.489838
3187385699857,0.06689453,-0.10873413,9.549347
3187385699862,0.047851563,-0.1277771,9.496979
3187385699867,0.047851563,-0.07778931,9.446991
3187385699872,0.059753418,-0.14205933,9.470795
3187385699877,0.012145996,-0.094451904,9.482697
3187385699881,0.06213379,-0.094451904,9.427948
3187385699886,0.074035645,-0.096832275,9.468414
3187385699891,0.04309082,-0.118255615,9.525543
3187385699896,0.0692749,-0.08493042,9.487457
3187385699901,0.031188965,-0.07064819,9.463654
3187385699906,0.01928711,-0.07064819,9.513641
3187385699911,0.052612305,-0.08493042,9.456512
3187385699916,0.038330078,-0.073028564,9.494598
3187385699921,0.054992676,-0.06826782,9.466034
3187385699926,0.057373047,-0.04208374,9.525543
3187385699931,0.052612305,-0.08493042,9.496979
3187385699936,0.057373047,-0.0206604,9.489838
3187385699941,0.06689453,-0.06112671,9.475555
3187385699946,0.0859375,-0.10873413,9.489838
3187385699951,0.10498047,-0.06112671,9.50412
3187385699956,0.1026001,-0.06826782,9.525543
3187385699961,0.08355713,-0.058746338,9.427948
3187385699965,0.11212158,-0.08731079,9.492218
3187385699970,0.06689453,-0.09207153,9.496979
3187385699975,0.09307861,-0.09207153,9.5065
3187385699981,0.07165527,-0.12301636,9.461273
3187385699985,0.035949707,-0.07778931,9.427948
3187385699990,0.057373047,-0.096832275,9.523163
3187385699995,0.04309082,-0.10159302,9.494598
3187385700000,0.028808594,-0.1111145,9.50412
3187385700005,0.026428223,-0.096832275,9.482697
3187385700010,0.009765625,-0.06350708,9.5660095
3187385700015,0.04547119,-0.073028564,9.50412
3187385700020,0.0026245117,-0.051605225,9.482697
3187385700025,0.054992676,-0.056365967,9.485077
3187385700030,0.035949707,-0.056365967,9.475555
3187385700035,0.06451416,-0.06112671,9.477936
3187385700040,0.08831787,-0.09921265,9.449371
3187385700045,0.04547119,-0.046844482,9.446991
3187385700050,0.14068604,-0.08493042,9.494598
3187385700055,0.06689453,-0.058746338,9.470795
3187385700059,0.07165527,-0.10635376,9.511261
3187385700064,0.024047852,-0.10873413,9.489838
3187385700070,0.07879639,-0.13015747,9.475555
3187385700075,0.01928711,-0.10397339,9.492218
3187385700080,0.024047852,-0.09207153,9.496979
3187385700084,0.0859375,-0.13967896,9.499359
3187385700089,0.07879639,-0.10873413,9.520782
3187385700094,0.06689453,-0.073028564,9.535065
3187385700099,0.06689453,-0.075408936,9.477936
3187385700104,0.04547119,-0.09921265,9.5065
3187385700109,0.07165527,-0.06588745,9.458893
3187385700114,0.074035645,-0.025421143,9.480316
3187385700119,0.052612305,-0.08016968,9.423187
3187385700124,0.0692749,-0.04208374,9.513641
3187385700129,0.0859375,-0.06826782,9.5065
3187385700134,0.095458984,-0.03970337,9.466034
3187385700139,0.031188965,-0.046844482,9.511261
3187385700144,0.08831787,-0.096832275,9.513641
3187385700149,0.024047852,-0.08493042,9.463654
3187385700154,0.026428223,-0.07064819,9.520782
3187385700159,0.050231934,-0.075408936,9.539825
3187385700164,0.08355713,-0.11349487,9.435089
3187385700168,0.01928711,-0.10159302,9.482697
3187385700174,0.076416016,-0.10397339,9.480316
3187385700178,0.035949707,-0.10635376,9.513641
3187385700183,0.06689453,-0.08493042,9.466034
3187385700189,0.050231934,-0.094451904,9.485077
3187385700193,0.07165527,-0.073028564,9.482697
3187385700198,0.047851563,-0.08493042,9.475555
3187385700204,0.09307861,-0.09921265,9.520782
3187385700208,0.08117676,-0.09207153,9.508881
3187385700214,0.050231934,-0.10635376,9.456512
3187385700218,0.01928711,-0.06826782,9.432709
3187385700223,0.04071045,-0.073028564,9.480316
3187385700228,0.038330078,-0.10397339,9.496979
3187385700233,0.08831787,-0.06350708,9.520782
3187385700238,0.076416016,-0.10159302,9.527924
3187385700243,0.11450195,-0.08493042,9.420807
3187385700248,0.08117676,-0.046844482,9.513641
3187385700253,0.08117676,-0.037322998,9.530304
3187385700258,0.08831787,-0.03970337,9.508881
3187385700262,0.095458984,-0.07064819,9.446991
3187385700267,0.035949707,-0.08731079,9.494598
3187385700273,0.024047852,-0.12539673,9.525543
3187385700278,0.031188965,-0.11349487,9.508881
3187385700282,0.035949707,-0.075408936,9.496979
3187385700288,0.057373047,-0.06112671,9.496979
3187385700292,0.047851563,-0.15396118,9.546967
3187385700298,0.038330078,-0.12539673,9.466034
3187385700302,0.06451416,-0.11349487,9.482697
3187385700307,0.06451416,-0.11349487,9.627899
3187385700312,0.026428223,-0.13015747,9.082794
3187385700317,0.095458984,-0.06350708,9.56839
3187385700322,0.14544678,-0.06588745,9.937347
3187385700327,0.10498047,-0.08016968,9.551727
3187385700332,0.06213379,-0.023040771,9.370819
3187385700337,0.054992676,-0.056365967,9.282745
3187385700342,0.07879639,-0.04446411,9.373199
3187385700347,-0.0045166016,-0.046844482,9.408905
3187385700352,0.07879639,-0.07778931,9.444611
3187385700357,0.028808594,-0.08493042,9.444611
3187385700362,0.035949707,-0.053985596,9.644562
3187385700367,0.007385254,-0.094451904,9.589813
3187385700372,0.04309082,-0.04446411,9.487457
3187385700376,0.06213379,-0.053985596,9.308929
3187385700382,0.08831787,-0.10873413,9.408905
3187385700387,0.050231934,-0.10635376,9.477936
3187385700391,0.033569336,-0.11349487,9.435089
3187385700396,0.028808594,-0.08969116,9.373199
3187385700401,0.076416016,-0.09921265,9.468414
3187385700406,0.07165527,-0.118255615,9.456512
3187385700411,0.057373047,-0.10873413,9.387482
3187385700416,0.06213379,-0.11349487,9.5065
3187385700421,0.08831787,-0.13729858,9.575531
3187385700426,0.1026001,-0.1111145,9.811188
3187385700431,0.11212158,-0.07778931,9.244659
3187385700436,0.09069824,-0.08969116,9.539825
3187385700441,0.095458984,-0.08731079,9.56839
3187385700446,0.097839355,-0.1111145,9.670746
3187385700451,-0.059265137,-0.13491821,9.549347
3187385700456,-0.11639404,-0.13729858,9.413666
3187385700461,-0.18304443,-0.10635376,9.482697
3187385700465,-0.14733887,-0.025421143,9.406525
3187385700471,-0.18066406,-0.094451904,9.44223
3187385700475,-0.1449585,-0.10397339,9.63266
3187385700481,0.0859375,-0.11349487,9.5850525
3187385700486,0.34539795,-0.11349487,9.654083
3187385700491,0.47631836,-0.008758545,9.561249
3187385700495,0.6143799,-0.06350708,9.620758
3187385700500,0.40014648,-0.046844482,9.687408
3187385700505,0.11450195,-0.09921265,9.596954
3187385700510,0.050231934,-0.12301636,9.5065
3187385700515,-0.0021362305,-0.12539673,9.106598
3187385700520,-0.04498291,-0.1611023,9.358917
3187385700525,-0.29968262,-0.5133972,9.539825
3187385700530,-1.0661621,-1.7321472,9.706451
3187385700535,-1.1756592,-1.8487854,9.896881
3187385700540,-1.2637329,-1.7131042,9.834991
3187385700545,-1.4613037,-2.00589,9.673126
3187385700550,-1.456543,-2.5462341,9.339874
3187385700555,-1.1090088,-2.7104797,9.092316
3187385700560,-0.80670166,-2.629547,9.370819
3187385700565,-0.24493408,-2.372467,9.289886
3187385700569,0.1430664,-2.2201233,8.66861
3187385700575,0.6524658,-1.782135,7.697418
3187385700580,-0.04260254,-2.1368103,7.6783752
3187385700585,-0.078308105,-2.5557556,6.8785706
3187385700590,0.51916504,-2.3558044,6.6524353
3187385700594,1.2070923,-2.1391907,8.118744
3187385700599,1.4951172,-3.250824,-6.97995
3187385700604,3.3327637,-0.5800476,13.581696
3187385700610,1.8259888,-3.488861,5.726471
3187385700614,2.809082,-0.04208374,16.333405
3187385700619,2.28302,-3.103241,6.2430115
3187385700624,1.9021606,-2.6747742,6.9476013
3187385700629,1.2023315,-2.8699646,10.108734
3187385700634,0.83813477,-4.0958557,9.294647
3187385700639,0.5310669,-4.2362976,8.697174
3187385700644,0.4572754,-4.3005676,9.239899
3187385700649,0.33825684,-4.0934753,9.18515
3187385700654,-0.36157227,-3.1722717,10.103973
3187385700659,-0.64245605,-2.9913635,9.232758
3187385700664,-0.7852783,-3.3317566,9.537445
3187385700668,-0.8305054,-3.1246643,9.463654
3187385700674,-1.335144,-2.7866516,10.513397
3187385700679,-1.4089355,-4.072052,7.868805
3187385700684,-1.37323,-4.6528625,7.4736633
3187385700689,-0.8138428,-5.4788513,8.41391
3187385700693,-0.46154785,-5.5455017,9.220856
3187385700699,-0.08068848,-5.873993,9.244659
3187385700703,0.33587646,-5.240814,9.482697
3187385700709,0.71673584,-4.881378,9.63028
3187385700713,1.0666504,-5.078949,9.1232605
3187385700719,1.3927612,-4.886139,8.444855
3187385700723,1.4713135,-4.814728,8.280609
3187385700728,1.3927612,-5.381256,7.426056
3187385700733,0.8119507,-5.46933,7.5117493
3187385700739,0.3834839,-6.2048645,7.6093445
3187385700743,0.097839355,-5.169403,8.054474
3187385700748,0.059753418,-4.8504333,8.920929
3187385700753,0.10498047,-4.526703,8.961395
3187385700758,0.13830566,-3.629303,8.66861
3187385700763,0.2263794,-2.5819397,8.682892
3187385700768,0.11212158,-2.3439026,8.904266
3187385700773,0.035949707,-2.467682,9.047089
3187385700778,-0.054504395,-1.8106995,9.9635315
3187385700782,-0.20684814,-2.52005,10.042084
3187385700788,-0.28302002,-1.3441467,11.467926
3187385700793,-0.5377197,-2.5271912,9.839752
3187385700797,-0.7186279,-2.698578,9.642181
3187385700802,-0.8614502,-3.3055725,8.644806
3187385700808,-0.95428467,-4.129181,8.456757
3187385700813,-0.8781128,-4.3767395,9.773102
3187385700817,-0.40203857,-3.9911194,8.6091
3187385700822,-0.27111816,-4.05777,8.425812
3187385700827,-0.17114258,-4.269623,8.387726
3187385700832,0.2501831,-4.0934753,9.715973
3187385700838,-0.1687622,-5.4931335,8.830475
3187385700842,0.4906006,-4.469574,9.573151
3187385700847,0.685791,-4.3434143,9.470795
3187385700852,0.58343506,-4.4671936,9.344635
3187385700857,0.3668213,-5.226532,8.399628
3187385700862,0.390625,-5.483612,7.7712097
3187385700867,0.38824463,-5.873993,7.254669
3187385700872,0.41918945,-5.98349,7.8259583
3187385700877,0.22875977,-6.3833923,7.921173
3187385700881,0.08117676,-6.7190247,7.656952
3187385700886,0.2501831,-6.6142883,7.485565
3187385700892,0.41680908,-6.6523743,7.2903748
3187385700897,0.7524414,-6.630951,7.7521667
3187385700901,1.5093994,-6.4429016,8.09256
3187385700906,1.673645,-6.983246,9.1875305
3187385700911,2.2425537,-5.8525696,8.9756775
3187385700916,1.859314,-6.4429016,7.6426697
3187385700921,1.3856201,-6.8856506,7.06662
3187385700926,0.7595825,-7.5021667,6.476288
3187385700931,-0.27111816,-7.766388,6.573883
3187385700936,-0.9328613,-8.244843,5.5241394
3187385700941,0.0859375,-8.216278,4.3006287
3187385700946,0.16448975,-8.171051,4.1340027
3187385700951,0.047851563,-8.216278,3.7721863
3187385700956,-0.16400146,-8.41861,3.1366272
3187385700960,-0.6210327,-9.149384,1.7750549
3187385700966,-0.9281006,-9.339813,-0.4529724
3187385700971,-0.48535156,-9.539764,-0.7267151
3187385700976,0.031188965,-8.375763,0.4015808
3187385700981,-0.011657715,-9.237457,-0.043548584
3187385700986,0.035949707,-9.44693,0.36349487
3187385700990,0.08117676,-9.3160095,0.64437866
3187385700996,0.0692749,-9.377899,0.6158142
3187385701000,0.052612305,-9.763519,0.1968689
3187385701005,-0.059265137,-11.153656,-0.9052429
3187385701010,0.04309082,-10.334808,-1.2218323
3187385701016,-0.02355957,-10.649017,-1.9049988
3187385701021,0.29779053,-9.361237,-2.2311096
3187385701025,0.25256348,-9.12796,-2.4477234
3187385701031,0.24542236,-9.0208435,-2.6238708
3187385701035,0.19781494,-8.947052,-2.8571472
3187385701040,0.074035645,-8.604279,-2.7357483
3187385701045,-0.08306885,-8.301971,-2.6786194
3187385701050,-0.302063,-7.856842,-2.6619568
3187385701055,-0.42108154,-7.483124,-2.9476013
3187385701059,-0.37109375,-6.7499695,-4.2710876
3187385701065,-0.3163452,-6.066803,-5.8349915
3187385701070,-0.75909424,-7.3783875,-5.5088806
3187385701075,-0.3163452,-7.2046204,-5.7659607
3187385701080,0.074035645,-7.380768,-6.2015686
3187385701085,-0.15209961,-6.476227,-7.520294
3187385701090,0.07165527,-7.0451355,-7.796417
3187385701094,-0.46868896,-6.5571594,-8.367706
3187385701099,0.31921387,-6.9499207,-7.1941833
3187385701104,0.7929077,-7.3022156,-7.3251038
3187385701109,0.8286133,-6.990387,-7.698822
3187385701114,0.38824463,-6.1144104,-7.7154846
3187385701120,0.4310913,-5.7359314,-7.979706
3187385701124,0.71673584,-5.400299,-8.220123
3187385701130,0.6119995,-5.1408386,-8.39389
3187385701134,0.50250244,-4.82901,-8.667633
3187385701139,0.7762451,-4.567169,-8.724762
3187385701144,0.7595825,-4.169647,-8.924713
3187385701149,0.57629395,-3.712616,-9.191315
3187385701154,-0.049743652,-3.1794128,-9.405548
3187385701159,-0.2592163,-2.7580872,-9.698334
3187385701164,0.054992676,-2.3558044,-9.981598
3187385701169,0.37872314,-1.9440002,-10.210114
3187385701174,1.1380615,-1.5559998,-10.207733
3187385701179,1.6807861,-1.1822815,-10.488617
3187385701184,1.7712402,-0.7276306,-10.6076355
3187385701189,1.9069214,-0.5538635,-10.69809
3187385701194,1.9307251,-0.7371521,-10.83139
3187385701198,1.7998047,-0.9371033,-10.393402
3187385701203,1.5213013,-1.256073,-10.174408
3187385701209,1.1690063,-1.7202454,-10.269623
3187385701213,0.68341064,-2.0225525,-9.905426
3187385701218,0.27874756,-2.3938904,-9.826874
3187385701223,-0.13543701,-2.6176453,-9.855438
3187385701228,-0.40203857,-2.6700134,-9.884003
3187385701233,-0.5662842,-2.5248108,-9.895905
3187385701239,-0.63531494,-2.2653503,-9.67215
3187385701243,-0.4258423,-1.9511414,-10.050629
3187385701248,-0.2354126,-1.6012268,-10.183929
3187385701253,-0.21160889,-1.3465271,-10.341034
3187385701258,-0.02355957,-0.9775696,-10.193451
3187385701263,0.28826904,-0.646698,-10.198212
3187385701268,0.6548462,-0.44436646,-10.155365
3187385701273,-2.0183105,-4.1601257,-8.7795105
3187385701278,1.7093506,-4.0315857,-8.19632
3187385701282,-3.867859,-9.5469055,-7.8559265
3187385701288,-2.0587769,-7.7449646,-10.871857
3187385701293,-0.19970703,-4.6076355,-18.643768
3187385701297,4.565796,5.261383,18.259125
3187385701302,9.962097,2.7881775,-18.52951
3187385701308,7.7078857,4.266388,-10.943268
3187385701312,4.9728394,3.130951,-9.714996
3187385701318,3.6184082,2.6072693,-10.067291
3187385701322,2.5091553,2.278778,-10.105377
3187385701327,1.5617676,1.4337463,-10.000641
3187385701333,1.416565,-0.5467224,-10.538605
3187385701337,1.5808105,-0.415802,-10.007782
3187385701342,0.307312,-0.10873413,-10.12204
3187385701347,0.2763672,0.1435852,-10.131561
3187385701352,0.30969238,0.2268982,-10.25296
3187385701357,0.25732422,0.11740112,-10.431488
3187385701362,0.2763672,-0.08016968,-10.652863
3187385701366,0.16687012,-0.34439087,-9.3055725
3187385701371,0.21209717,0.017425537,-9.457916
3187385701376,0.15258789,-0.06826782,-9.705475
3187385701382,0.13354492,-0.2515564,-9.626923
3187385701386,0.11212158,-0.6133728,-9.700714
3187385701392,0.8167114,-0.22061157,-10.486237
3187385701396,0.17877197,-0.08969116,-9.80069
3187385701402,0.2597046,-0.034942627,-10.260101
3187385701406,0.20257568,-0.04446411,-9.710236
3187385701411,0.14782715,-0.053985596,-9.310333
3187385701416,-0.0949707,0.20785522,-7.9844666
3187385701421,0.5048828,-0.24441528,-11.943024
3187385701426,0.1359253,0.04837036,-10.112518
3187385701431,0.22875977,-0.015899658,-9.941132
3187385701436,0.25732422,-0.10159302,-10.019684
3187385701441,0.27160645,-0.049224854,-9.99588
3187385701446,0.23114014,-0.08016968,-9.983978
3187385701451,0.2263794,-0.051605225,-10.045868
3187385701456,0.23352051,-0.030181885,-10.010162
3187385701461,0.2097168,-0.037322998,-10.072052
3187385701466,0.2263794,-0.034942627,-10.041107
3187385701471,0.25494385,-0.04208374,-9.981598
3187385701476,0.26208496,-0.049224854,-10.055389
3187385701481,0.21923828,-0.030181885,-10.045868
3187385701485,0.26208496,-0.06350708,-9.9935
3187385701491,0.2263794,-0.07778931,-10.010162
3187385701496,0.24780273,-0.096832275,-10.012543
3187385701500,0.24066162,-0.056365967,-10.026825
3187385701505,0.23352051,-0.046844482,-10.003021
3187385701510,0.22399902,-0.07064819,-10.010162
3187385701515,0.25256348,-0.08731079,-10.022064
3187385701521,0.24542236,-0.034942627,-9.9935
3187385701525,0.22161865,-0.07778931,-9.991119
3187385701530,0.20733643,-0.04446411,-9.9339905
3187385701535,0.24780273,-0.07064819,-10.000641
3187385701540,0.24780273,-0.046844482,-10.043488
3187385701545,0.20733643,-0.051605225,-9.99588
3187385701550,0.2263794,-0.06350708,-9.974457
3187385701555,0.21209717,0.007904053,-10.005402
3187385701560,0.2097168,-0.051605225,-9.960175
3187385701565,0.23828125,-0.027801514,-10.024445
3187385701569,0.2597046,-0.049224854,-10.022064
3187385701575,0.23352051,-0.030181885,-10.024445
3187385701580,0.2597046,-0.015899658,-9.986359
3187385701585,0.21209717,-0.04208374,-10.019684
3187385701589,0.23590088,-0.051605225,-10.014923
3187385701595,0.25494385,-0.046844482,-10.010162
3187385701600,0.2263794,-0.04446411,-10.072052
3187385701605,0.2501831,-0.06588745,-10.017303
3187385701609,0.19781494,-0.046844482,-9.9982605
3187385701614,0.24780273,-0.10397339,-10.022064
3187385701619,0.23590088,-0.073028564,-10.050629
3187385701624,0.2501831,-0.06588745,-10.05777
3187385701629,0.24780273,-0.08731079,-9.967316
3187385701634,0.23352051,-0.06350708,-9.99588
3187385701639,0.20495605,-0.07064819,-9.972076
3187385701644,0.21923828,-0.013519287,-9.964935
3187385701649,0.25732422,-0.06112671,-10.029205
3187385701654,0.28112793,-0.027801514,-10.029205
3187385701659,0.24304199,-0.056365967,-10.010162
3187385701664,0.24780273,-0.056365967,-10.007782
3187385701669,0.24066162,-0.073028564,-9.983978
3187385701674,0.25256348,-0.011138916,-9.9935
3187385701679,0.2668457,-0.027801514,-10.007782
3187385701684,0.24780273,-0.008758545,-10.022064
3187385701688,0.21923828,-0.049224854,-10.038727
3187385701693,0.26208496,-0.0206604,-10.019684
3187385701699,0.19781494,-0.034942627,-10.017303
3187385701704,0.25494385,-0.056365967,-10.029205
3187385701708,0.23114014,-0.056365967,-10.043488
3187385701714,0.20495605,-0.053985596,-10.026825
3187385701719,0.24304199,-0.06112671,-10.045868
3187385701723,0.22399902,-0.08493042,-9.969696
3187385701728,0.23352051,-0.06112671,-9.974457
3187385701734,0.2097168,-0.096832275,-9.99588
3187385701738,0.2501831,-0.053985596,-10.091095
3187385701743,0.23590088,-0.08731079,-10.026825
3187385701748,0.17877197,-0.08969116,-10.017303
3187385701753,0.27398682,0.02218628,-9.976837
3187385701757,0.3239746,-0.2348938,-9.981598
3187385701763,0.005004883,0.02456665,-10.000641
3187385701768,0.79052734,-0.07064819,-10.043488
3187385701772,-0.7186279,-0.28726196,-9.960175
3187385701778,1.8712158,0.5054016,-10.067291
3187385701783,-2.2944336,-0.627655,-10.017303
3187385701788,3.6279297,-0.19442749,-10.107758
3187385701792,-2.1658936,1.7741394,-9.979218
3187385701797,-0.7186279,-3.1579895,-9.898285
3187385701803,5.137085,1.5122986,-10.067291
3187385701807,-2.4658203,2.604889,-10.043488
3187385701812,-4.374878,-3.1841736,-9.92923
3187385701817,3.8302612,-2.7342834,-10.000641
3187385701822,6.401062,2.945282,-10.067291
3187385701827,-0.59484863,4.2187805,-10.06015
3187385701832,-6.7528687,0.06265259,-9.988739
3187385701837,-6.093506,-4.25296,-9.924469
3187385701842,-0.24017334,-5.1336975,-9.845917
3187385701847,5.9297485,-2.7366638,-9.917328
3187385701852,8.983765,0.80770874,-9.957794
3187385701857,8.914734,3.6546326,-10.029205
3187385701862,6.748596,5.3613586,-10.148224
3187385701867,3.7612305,5.894562,-10.181549
3187385701872,0.9904785,5.787445,-10.12442
3187385701877,-1.2089844,5.394684,-10.143463
3187385701882,-2.682434,4.9685974,-10.217255
3187385701887,-3.4560547,4.799591,-10.207733
3187385701891,-3.4679565,4.8614807,-10.210114
3187385701896,-2.894287,5.101898,-10.243439
3187385701901,-1.5493774,5.644623,-10.160126
3187385701907,0.48583984,6.2087708,-10.152985
3187385701911,3.1470947,6.639618,-10.174408
3187385701916,6.279663,6.703888,-10.245819
3187385701921,9.319397,6.023102,-10.255341
3187385701927,11.561707,4.556793,-10.205353
3187385701931,12.444824,2.1835632,-9.962555
3187385701936,11.171326,-0.8109436,-9.953033
3187385701941,7.215149,-4.0434875,-9.834015
3187385701946,1.0238037,-6.419098,-9.693573
3187385701951,-5.8745117,-7.1355896,-9.6840515
3187385701956,-10.944702,-5.5431213,-9.753082
3187385701961,-12.518127,-1.9820862,-9.86972
3187385701966,-9.314148,2.4811096,-10.183929
3187385701971,-1.7088623,6.1564026,-10.248199
3187385701976,7.048523,7.0918884,-10.341034
3187385701981,12.647156,4.6305847,-10.248199
3187385701986,12.397217,-0.19680786,-9.938751
3187385701991,5.548889,-5.169403,-9.836395
3187385701996,-4.7366943,-7.3974304,-9.750702
3187385702000,-11.973022,-5.3122253,-9.786407
3187385702006,-12.168213,-0.053985596,-10.076813
3187385702010,-4.470093,5.401825,-10.319611
3187385702015,6.684326,7.332306,-10.329132
3187385702020,13.361267,4.209259,-10.231537
3187385702025,11.218933,-1.8440247,-9.848297
3187385702030,0.9262085,-6.8190002,-9.645966
3187385702035,-9.980652,-6.7237854,-9.653107
3187385702040,-13.220337,-1.7107239,-9.957794
3187385702045,-6.338684,4.6615295,-10.360077
3187385702050,6.053528,7.4513245,-10.321991
3187385702055,13.63501,4.183075,-10.212494
3187385702060,10.661926,-2.448639,-9.764984
3187385702065,-1.2089844,-7.3212585,-9.6197815
3187385702070,-11.794495,-5.9549255,-9.74118
3187385702075,-12.268188,0.3673401,-10.205353
3187385702080,-1.8326416,6.442047,-10.357697
3187385702085,10.550049,6.8038635,-10.412445
3187385702089,13.792114,1.0957336,-9.917328
3187385702095,4.9561768,-5.7287903,-9.7388
3187385702099,-8.464355,-7.33078,-9.669769
3187385702104,-13.598816,-2.3248596,-9.895905
3187385702109,-6.0839844,4.901947,-10.298187
3187385702115,7.767395,7.4846497,-10.352936
3187385702119,14.1848755,2.7953186,-10.18631
3187385702124,7.465088,-4.605255,-9.700714
3187385702129,-6.640991,-7.6211853,-9.653107
3187385702134,-13.75354,-3.250824,-9.795929
3187385702139,-7.5145874,4.2449646,-10.286285
3187385702144,6.6367188,7.5798645,-10.350555
3187385702149,14.21344,3.3547058,-10.25296
3187385702154,8.341064,-4.162506,-9.750702
3187385702159,-5.8340454,-7.7521057,-9.653107
3187385702164,-13.684509,-3.655487,-9.774506
3187385702169,-8.188232,3.9045715,-10.2934265
3187385702174,5.927368,7.639374,-10.348175
3187385702179,14.130127,3.7450867,-10.217255
3187385702184,9.021851,-3.7602234,-9.710236
3187385702189,-5.0770874,-7.7711487,-9.669769
3187385702194,-13.62738,-4.083954,-9.7030945
3187385702199,-8.919006,3.497528,-10.243439
3187385702203,5.0894775,7.672699,-10.31723
3187385702208,14.02301,4.2068787,-10.298187
3187385702214,9.750244,-3.3507996,-9.8316345
3187385702218,-4.139221,-7.7640076,-9.707855
3187385702223,-13.448853,-4.5552673,-9.693573
3187385702228,-9.687866,2.8833923,-10.179169
3187385702234,4.0111694,7.582245,-10.274384
3187385702238,13.751648,4.6805725,-10.305328
3187385702243,10.626221,-2.7342834,-9.843536
3187385702248,-2.9228516,-7.7068787,-9.631683
3187385702253,-13.041809,-5.112274,-9.653107
3187385702258,-10.5686035,2.214508,-10.219635
3187385702263,2.6924438,7.506073,-10.307709
3187385702268,13.337463,5.3042297,-10.319611
3187385702273,11.51886,-1.967804,-9.855438
3187385702278,-1.4160767,-7.464081,-9.648346
3187385702283,-12.503845,-5.695465,-9.681671
3187385702288,-11.430298,1.4646912,-10.214874
3187385702292,1.1642456,7.241852,-10.283905
3187385702297,12.670959,5.8421936,-10.414825
3187385702303,12.3377075,-1.1465759,-9.86496
3187385702307,0.1026001,-7.228424,-9.655487
3187385702313,-11.884949,-6.2548523,-9.605499
3187385702318,-12.251526,0.61727905,-10.050629
3187385702322,-0.4901123,6.946686,-10.343414
3187385702327,11.921143,6.363495,-10.341034
3187385702332,13.035156,-0.2848816,-9.900665
3187385702337,1.7331543,-6.804718,-9.731659
3187385702342,-11.013733,-6.7166443,-9.567413
3187385702347,-12.884705,-0.2920227,-10.045868
3187385702352,-2.1658936,6.4587097,-10.362457
3187385702357,10.961853,6.8348083,-10.360077
3187385702362,13.673096,0.6220398,-9.955414
3187385702367,3.5446167,-6.3262634,-9.750702
3187385702372,-9.887817,-7.149872,-9.641205
3187385702377,-13.372681,-1.2513123,-9.991119
3187385702382,-3.8773804,5.856476,-10.400543
3187385702386,9.757385,7.2156677,-10.364838
3187385702391,14.056335,1.624176,-10.045868
3187385702397,5.3060913,-5.6335754,-9.760223
3187385702402,-8.566711,-7.490265,-9.634064
3187385702407,-13.729736,-2.2272644,-9.907806
3187385702411,-5.748352,5.166168,-10.343414
3187385702416,8.205383,7.520355,-10.343414
3187385702421,14.239624,2.6405945,-10.150604
3187385702426,7.0723267,-4.8456726,-9.788788
3187385702431,-6.990906,-7.7330627,-9.653107
3187385702436,-13.827332,-3.2865295,-9.822113
3187385702441,-7.5740967,4.240204,-10.214874
3187385702446,6.548645,7.7012634,-10.374359
3187385702452,14.206299,3.63797,-10.205353
3187385702456,8.809998,-3.9078064,-9.838776
3187385702461,-5.1556396,-7.825897,-9.603119
3187385702466,-13.651184,-4.169647,-9.810211
3187385702471,-9.030884,3.3332825,-10.264862
3187385702476,4.796692,7.703644,-10.310089
3187385702481,13.939697,4.485382,-10.367218
3187385702486,10.17395,-2.9842224,-9.8316345
3187385702491,-3.4560547,-7.7568665,-9.634064
3187385702495,-13.201294,-5.014679,-9.722137
3187385702501,-10.404358,2.3763733,-10.183929
3187385702506,2.8400269,7.5679626,-10.307709
3187385702511,13.287476,5.3280334,-10.424347
3187385702515,11.58313,-1.8583069,-9.829254
3187385702521,-1.2494507,-7.5212097,-9.598358
3187385702525,-12.384827,-5.888275,-9.73642
3187385702530,-11.737366,1.1671448,-10.152985
3187385702535,0.50250244,7.179962,-10.329132
3187385702540,12.340088,6.165924,-10.419586
3187385702545,12.751892,-0.646698,-9.848297
3187385702550,1.06427,-7.047516,-9.643585
3187385702555,-11.308899,-6.6023865,-9.681671
3187385702560,-12.768066,-0.04208374,-9.981598
3187385702565,-1.7279053,6.5967712,-10.388641
3187385702570,11.180847,6.801483,-10.398163
3187385702574,13.596924,0.50302124,-9.93161
3187385702580,3.3113403,-6.3714905,-9.724518
3187385702585,-10.009216,-7.157013,-9.653107
3187385702589,-13.391724,-1.2465515,-9.926849
3187385702594,-3.9487915,5.889801,-10.391022
3187385702600,9.624084,7.2799377,-10.367218
3187385702604,14.144409,1.7217712,-10.022064
3187385702610,5.5774536,-5.5693054,-9.781647
3187385702614,-8.3619995,-7.58786,-9.657867
3187385702619,-13.763062,-2.4414978,-9.888763
3187385702624,-6.112549,5.035248,-10.286285
3187385702629,7.888794,7.6369934,-10.343414
3187385702634,14.308655,2.900055,-10.12442
3187385702640,7.498413,-4.605255,-9.834015
3187385702644,-6.555298,-7.8473206,-9.710236
3187385702649,-13.779724,-3.500763,-9.819733
3187385702654,-8.007324,4.0259705,-10.267242
3187385702659,5.9749756,7.756012,-10.286285
3187385702664,14.1015625,3.952179,-10.25058
3187385702669,9.367004,-3.584076,-9.845917
3187385702674,-4.465332,-7.883026,-9.686432
3187385702679,-13.470276,-4.5624084,-9.724518
3187385702684,-9.685486,2.8738708,-10.233917
3187385702689,3.7826538,7.667938,-10.279144
3187385702694,13.63739,4.978119,-10.348175
3187385702698,10.976135,-2.384369,-9.8506775
3187385702703,-2.187317,-7.671173,-9.681671
3187385702709,-12.722839,-5.4978943,-9.636444
3187385702713,-11.237488,1.6289368,-10.176788
3187385702718,1.423706,7.365631,-10.367218
3187385702723,12.7352295,5.8874207,-10.333893
3187385702728,12.373413,-1.1061096,-9.86496
3187385702733,0.27398682,-7.2379456,-9.665009
3187385702738,-11.654053,-6.411957,-9.660248
3187385702743,-12.487183,0.26498413,-10.093475
3187385702748,-1.1566162,6.7895813,-10.319611
3187385702753,11.416504,6.6681824,-10.352936
3187385702758,13.485046,0.3578186,-9.969696
3187385702763,3.0090332,-6.464325,-9.648346
3187385702768,-10.040161,-7.1474915,-9.669769
3187385702773,-13.386963,-1.2417908,-9.974457
3187385702778,-4.0440063,5.8302917,-10.341034
3187385702783,9.431274,7.351349,-10.341034
3187385702788,14.139648,1.9693298,-10.093475
3187385702793,6.1225586,-5.305084,-9.769745
3187385702798,-7.5788574,-7.7378235,-9.591217
3187385702802,-13.710693,-3.103241,-9.857819
3187385702807,-7.462219,4.2830505,-10.2291565
3187385702812,6.208252,7.698883,-10.298187
3187385702817,14.015869,4.0402527,-10.241058
3187385702822,9.816895,-3.2674866,-9.872101
3187385702828,-3.3656006,-7.792572,-9.6197815
3187385702832,-12.884705,-5.257477,-9.726898
3187385702837,-10.963745,1.7955627,-10.200592
3187385702842,1.1904297,7.282318,-10.267242
3187385702847,12.252014,6.1492615,-10.362457
3187385702852,12.892334,-0.34677124,-9.912567
3187385702857,2.275879,-6.6785583,-9.714996
3187385702862,-10.085388,-7.1022644,-9.695953
3187385702867,-13.356018,-1.4703064,-9.941132
3187385702872,-4.953308,5.4422913,-10.310089
3187385702877,8.138733,7.5346375,-10.395782
3187385702881,14.125366,3.0643005,-10.100616
3187385702887,8.460083,-4.05777,-9.772125
3187385702891,-4.6105347,-7.8282776,-9.67215
3187385702897,-13.129883,-4.878998,-9.74118
3187385702902,-10.647156,2.047882,-10.212494
3187385702907,1.1999512,7.282318,-10.302948
3187385702911,12.006836,6.253998,-10.414825
3187385702916,13.099426,0.06741333,-9.872101
3187385702922,3.475586,-6.3262634,-9.700714
3187385702927,-9.026123,-7.4307556,-9.669769
3187385702931,-13.532166,-2.4153137,-9.881622
3187385702936,-6.936157,4.4496765,-10.31723
3187385702941,5.9154663,7.7322083,-10.331512
3187385702946,13.682617,4.478241,-10.302948
3187385702951,10.826172,-2.353424,-9.819733
3187385702956,-1.0352173,-7.445038,-9.605499
3187385702961,-11.523132,-6.328644,-9.667389
3187385702965,-12.594299,-0.23965454,-10.024445
3187385702971,-3.2513428,6.0968933,-10.348175
3187385702976,9.08374,7.3370667,-10.307709
3187385702981,14.013489,2.6667786,-10.12442
3187385702985,8.105408,-4.231537,-9.845917
3187385702991,-4.5914917,-7.799713,-9.691193
3187385702995,-12.929932,-5.033722,-9.714996
3187385703000,-11.044678,1.6265564,-10.162506
3187385703005,0.13354492,7.075226,-10.302948
3187385703010,11.207031,6.6181946,-10.295807
3187385703015,13.577881,0.9743347,-9.9982605
3187385703020,5.277527,-5.6002502,-9.824493
3187385703025,-7.255127,-7.6616516,-9.729279
3187385703030,-13.460754,-3.6888123,-9.80545
3187385703035,-9.147522,3.1428528,-10.152985
3187385703040,3.001892,7.577484,-10.264862
3187385703045,12.585266,5.7636414,-10.348175
3187385703050,12.561462,-0.49197388,-9.891144
3187385703055,2.6138916,-6.523834,-9.726898
3187385703060,-9.321289,-7.2950745,-9.655487
3187385703065,-13.448853,-2.3153381,-9.926849
3187385703070,-6.990906,4.425873,-10.238678
3187385703074,5.594116,7.7274475,-10.288666
3187385703079,13.482666,4.697235,-10.274384
3187385703084,11.1189575,-1.9654236,-9.836395
3187385703089,-0.14971924,-7.2498474,-9.567413
3187385703094,-10.92804,-6.649994,-9.714996
3187385703099,-12.951355,-0.95376587,-9.986359
3187385703104,-4.6605225,5.556549,-10.338654
3187385703110,7.786438,7.5679626,-10.412445
3187385703114,13.903992,3.5475159,-10.198212
3187385703120,9.547913,-3.2841492,-9.838776
3187385703124,-2.611023,-7.664032,-9.598358
3187385703129,-12.1015625,-5.8763733,-9.667389
3187385703134,-12.14679,0.39352417,-10.038727
3187385703139,-2.2563477,6.423004,-10.343414
3187385703144,9.643127,7.237091,-10.367218
3187385703149,13.980164,2.3644714,-10.095856
3187385703154,7.6436157,-4.4552917,-9.926849
3187385703159,-4.8985596,-7.8354187,-9.643585
3187385703163,-12.903748,-4.9218445,-9.7388
3187385703169,-10.935181,1.6455994,-10.205353
3187385703174,0.054992676,7.0538025,-10.283905
3187385703179,11.07373,6.6872253,-10.352936
3187385703184,13.582642,1.1957092,-9.955414
3187385703189,5.720276,-5.3717346,-9.810211
3187385703194,-6.755249,-7.7449646,-9.653107
3187385703198,-13.3203125,-4.038727,-9.791168
3187385703203,-9.611694,2.721527,-10.248199
3187385703209,2.1663818,7.4441833,-10.255341
3187385703213,12.156799,6.1159363,-10.352936
3187385703218,13.016113,0.08169556,-9.922089
3187385703223,3.7374268,-6.150116,-9.862579
3187385703229,-8.359619,-7.5521545,-9.731659
3187385703233,-13.484558,-3.0603943,-9.80069
3187385703238,-8.119202,3.728424,-10.202972
3187385703243,4.175415,7.6441345,-10.200592
3187385703248,12.975647,5.356598,-10.417206
3187385703253,12.140137,-1.0561218,-9.845917
3187385703258,1.8117065,-6.759491,-9.712616
3187385703263,-9.690247,-7.152252,-9.67453
3187385703268,-13.334595,-2.1011047,-9.924469
3187385703273,-6.6219482,4.5853577,-10.298187
3187385703278,5.7750244,7.6965027,-10.336273
3187385703282,13.475525,4.66391,-10.298187
3187385703287,11.154663,-1.9463806,-9.843536
3187385703293,0.07165527,-7.2189026,-9.67215
3187385703297,-10.635254,-6.759491,-9.717377
3187385703303,-13.0251465,-1.2798767,-9.917328
3187385703307,-5.274658,5.2066345,-10.274384
3187385703312,6.998535,7.6750793,-10.362457
3187385703317,13.689758,4.092621,-10.264862
3187385703322,10.42627,-2.539093,-9.795929
3187385703328,-1.039978,-7.452179,-9.679291
3187385703332,-11.18512,-6.43338,-9.653107
3187385703337,-12.806152,-0.7776184,-9.9935
3187385703342,-4.5081787,5.575592,-10.231537
3187385703347,7.60553,7.6108093,-10.345795
3187385703352,13.8063965,3.8188782,-10.236298
3187385703357,10.033508,-2.8509216,-9.824493
3187385703362,-1.4803467,-7.497406,-9.629303
3187385703367,-11.396973,-6.3905334,-9.714996
3187385703372,-12.66095,-0.5705261,-9.953033
3187385703377,-4.2701416,5.6684265,-10.338654
3187385703381,7.7507324,7.5751038,-10.393402
3187385703387,13.808777,3.7379456,-10.222015
3187385703392,10.014465,-2.8556824,-9.793549
3187385703397,-1.5136719,-7.516449,-9.691193
3187385703401,-11.323181,-6.376251,-9.634064
3187385703406,-12.641907,-0.6895447,-10.005402
3187385703411,-4.38678,5.6112976,-10.295807
3187385703417,7.60553,7.5727234,-10.269623
3187385703421,13.832581,3.8617249,-10.226776
3187385703426,10.17395,-2.7414246,-9.93161
3187385703431,-1.2684937,-7.5021667,-9.667389
3187385703436,-11.199402,-6.476227,-9.698334
3187385703441,-12.765686,-0.7966614,-10.007782
3187385703446,-4.639099,5.4684753,-10.329132
3187385703452,7.317505,7.6298523,-10.412445
3187385703456,13.76355,3.9831238,-10.262482
3187385703461,10.357239,-2.577179,-9.881622
3187385703465,-0.88287354,-7.3855286,-9.617401
3187385703471,-11.013733,-6.62381,-9.622162
3187385703476,-12.906128,-1.070404,-10.003021
3187385703481,-5.143738,5.2637634,-10.231537
3187385703486,6.8723755,7.7131653,-10.352936
3187385703490,13.599304,4.27829,-10.245819
3187385703496,10.7404785,-2.2129822,-9.848297
3187385703500,-0.14971924,-7.235565,-9.665009
3187385703505,-10.599548,-6.797577,-9.707855
3187385703510,-13.001343,-1.4084167,-9.981598
3187385703515,-5.7816772,4.9757385,-10.269623
3187385703520,6.2487183,7.653656,-10.338654
3187385703525,13.463623,4.556793,-10.2934265
3187385703530,11.218933,-1.8345032,-9.838776
3187385703536,0.52630615,-7.0951233,-9.707855
3187385703540,-10.16394,-6.9618225,-9.665009
3187385703545,-13.17511,-1.8416443,-9.969696
3187385703550,-6.402954,4.6662903,-10.248199
3187385703555,5.6464844,7.7012634,-10.324371
3187385703560,13.301758,4.811493,-10.295807
3187385703565,11.561707,-1.5107727,-9.888763
3187385703570,1.1785278,-6.940399,-9.743561
3187385703575,-9.8116455,-7.1284485,-9.712616
3187385703580,-13.227478,-2.1463318,-9.919708
3187385703585,-6.850464,4.40921,-10.262482
3187385703590,5.220398,7.7203064,-10.25296
3187385703594,13.135132,5.106659,-10.300568
3187385703599,11.77356,-1.2536926,-9.8506775
3187385703604,1.6522217,-6.7951965,-9.74118
3187385703609,-9.504578,-7.2070007,-9.748322
3187385703615,-13.289368,-2.4224548,-9.872101
3187385703619,-7.3241577,4.178314,-10.257721
3187385703624,4.6467285,7.6822205,-10.286285
3187385703629,12.937561,5.266144,-10.326752
3187385703634,12.075867,-0.90615845,-9.86496
3187385703640,2.309204,-6.638092,-9.729279
3187385703644,-9.047546,-7.3450623,-9.681671
3187385703649,-13.2560425,-2.7485657,-9.848297
3187385703654,-7.9002075,3.7950745,-10.214874
3187385703659,3.9730835,7.61557,-10.295807
3187385703664,12.656677,5.663666,-10.348175
3187385703669,12.451965,-0.41342163,-9.905426
3187385703674,3.2185059,-6.3215027,-9.8506775
3187385703679,-8.397705,-7.516449,-9.769745
3187385703684,-13.341736,-3.2627258,-9.795929
3187385703689,-8.669067,3.3261414,-10.219635
3187385703693,2.9042969,7.5655823,-10.2291565
3187385703699,12.211548,5.9707336,-10.319611
3187385703703,12.889954,0.1769104,-9.898285
3187385703708,4.2611084,-5.91922,-9.769745
3187385703713,-7.576477,-7.7068787,-9.688812
3187385703718,-13.270325,-3.8006897,-9.853058
3187385703724,-9.442688,2.7500916,-10.164886
3187385703728,1.9116821,7.384674,-10.262482
3187385703733,11.759277,6.363495,-10.338654
3187385703738,13.218445,0.7291565,-9.938751
3187385703743,5.246582,-5.566925,-9.819733
3187385703748,-6.7076416,-7.754486,-9.650726
3187385703753,-13.144165,-4.2934265,-9.810211
3187385703758,-10.173462,2.188324,-10.157745
3187385703763,0.75720215,7.1823425,-10.260101
3187385703768,11.07373,6.6872253,-10.355316
3187385703773,13.477905,1.3861389,-9.981598
3187385703778,6.4034424,-4.9932556,-9.881622
3187385703783,-5.491272,-7.8330383,-9.691193
3187385703788,-12.79187,-4.919464,-9.80307
3187385703793,-10.989929,1.4170837,-10.129181
3187385703797,-0.69958496,6.8609924,-10.25296
3187385703802,10.147766,7.0728455,-10.400543
3187385703807,13.725464,2.2311707,-10.095856
3187385703812,7.650757,-4.3386536,-9.874481
3187385703818,-4.177307,-7.811615,-9.615021
3187385703823,-12.401489,-5.507416,-9.719757
3187385703827,-11.642151,0.6315613,-10.088715
3187385703832,-2.0873413,6.3872986,-10.336273
3187385703837,9.245605,7.3299255,-10.352936
3187385703843,13.861145,2.919098,-10.12204
3187385703847,8.800476,-3.6388245,-9.822113
3187385703852,-2.8847656,-7.747345,-9.662628
3187385703857,-11.815918,-6.028717,-9.724518
3187385703862,-12.308655,-0.22061157,-10.079193
3187385703867,-3.7155151,5.858856,-10.352936
3187385703872,7.9125977,7.596527,-10.333893
3187385703877,13.711182,3.8260193,-10.281525
3187385703882,10.116821,-2.7390442,-9.834015
3187385703887,-0.99713135,-7.4188538,-9.679291
3187385703892,-10.899475,-6.645233,-9.6840515
3187385703896,-12.913269,-1.2608337,-10.000641
3187385703902,-5.6031494,5.061432,-10.241058
3187385703907,6.239197,7.717926,-10.25058
3187385703912,13.31366,4.697235,-10.348175
3187385703916,11.3927,-1.6059875,-9.848297
3187385703922,1.1380615,-6.9761047,-9.724518
3187385703926,-9.640259,-7.2117615,-9.6840515
3187385703931,-13.225098,-2.429596,-9.919708
3187385703937,-7.4122314,4.0711975,-10.257721
3187385703941,4.2944336,7.6965027,-10.181549
3187385703946,12.690002,5.6184387,-10.302948
3187385703951,12.485291,-0.3586731,-9.886383
3187385703956,3.3565674,-6.233429,-9.807831
3187385703961,-8.047791,-7.595001,-9.7388
3187385703966,-13.279846,-3.5626526,-9.817352
3187385703971,-9.266541,2.9119568,-10.164886
3187385703976,1.9926147,7.3941956,-10.193451
3187385703981,11.597412,6.4134827,-10.2934265
3187385703986,13.31604,1.0076599,-10.005402
3187385703991,5.765503,-5.316986,-9.893524
3187385703996,-6.0078125,-7.799713,-9.712616
3187385704000,-12.875183,-4.719513,-9.769745
3187385704005,-10.780457,1.5670471,-10.1458435
3187385704011,-0.5734253,6.8871765,-10.291046
3187385704015,10.169189,7.0871277,-10.329132
3187385704021,13.727844,2.2835388,-10.048248
3187385704026,7.8340454,-4.2362976,-9.857819
3187385704030,-3.894043,-7.8163757,-9.748322
3187385704035,-12.177734,-5.683563,-9.745941
3187385704040,-11.906372,0.28878784,-10.069672
3187385704045,-2.777649,6.1873474,-10.302948
3187385704050,8.6814575,7.4441833,-10.362457
3187385704055,13.758789,3.3332825,-10.126801
3187385704060,9.40033,-3.2484436,-9.874481
3187385704065,-1.9897461,-7.592621,-9.648346
3187385704070,-11.401733,-6.3453064,-9.734039
3187385704075,-12.587158,-0.7204895,-10.010162
3187385704080,-4.5200806,5.5256042,-10.288666
3187385704085,7.2365723,7.653656,-10.333893
3187385704090,13.587402,4.1806946,-10.302948
3187385704094,10.535767,-2.3248596,-9.834015
3187385704100,-0.2758789,-7.278412,-9.698334
3187385704105,-10.540039,-6.8523254,-9.686432
3187385704109,-12.968018,-1.6393127,-9.92923
3187385704115,-6.0268555,4.830536,-10.248199
3187385704119,5.844055,7.7536316,-10.298187
3187385704125,13.213684,4.9043274,-10.262482
3187385704130,11.556946,-1.4060364,-9.910187
3187385704134,1.397522,-6.876129,-9.745941
3187385704139,-9.511719,-7.235565,-9.712616
3187385704144,-13.253662,-2.512909,-9.86734
3187385704149,-7.397949,4.0783386,-10.176788
3187385704154,4.387268,7.710785,-10.233917
3187385704159,12.7994995,5.5517883,-10.333893
3187385704164,12.332947,-0.5729065,-9.86972
3187385704169,2.918579,-6.4309998,-9.814972
3187385704174,-8.542908,-7.52359,-9.6840515
3187385704179,-13.263184,-3.2008362,-9.862579
3187385704184,-8.531006,3.4118347,-10.18631
3187385704189,3.1185303,7.589386,-10.25058
3187385704194,12.268677,6.0278625,-10.288666
3187385704199,12.773315,0.100738525,-9.950653
3187385704203,4.0040283,-6.0525208,-9.822113
3187385704209,-7.7454834,-7.6925964,-9.700714
3187385704214,-13.327454,-3.7030945,-9.817352
3187385704218,-9.176086,2.9357605,-10.2291565
3187385704224,2.2687378,7.498932,-10.245819
3187385704229,11.873535,6.2897034,-10.331512
3187385704233,13.089905,0.5887146,-9.953033
3187385704238,4.7824097,-5.7692566,-9.798309
3187385704243,-7.107544,-7.754486,-9.719757
3187385704249,-13.194153,-4.0934753,-9.755463
3187385704253,-9.799744,2.4977722,-10.191071
3187385704258,1.3380127,7.2989807,-10.267242
3187385704263,11.406982,6.537262,-10.302948
3187385704268,13.37793,1.1195374,-9.953033
3187385704273,5.7750244,-5.3384094,-9.924469
3187385704278,-6.214905,-7.825897,-9.7388
3187385704283,-12.996582,-4.5933533,-9.791168
3187385704288,-10.478149,1.8288879,-10.131561
3187385704292,0.1930542,7.063324,-10.233917
3187385704298,10.771423,6.8300476,-10.348175
3187385704302,13.654053,1.6979675,-10.045868
3187385704308,6.765259,-4.809967,-9.862579
3187385704312,-5.2460938,-7.887787,-9.729279
3187385704317,-12.756165,-5.033722,-9.750702
3187385704322,-11.094666,1.3528137,-10.064911
3187385704328,-0.8709717,6.7967224,-10.269623
3187385704333,10.102539,7.113312,-10.321991
3187385704337,13.725464,2.2406921,-10.055389
3187385704343,7.6698,-4.3695984,-9.9149475
3187385704347,-4.2177734,-7.856842,-9.631683
3187385704352,-12.422913,-5.5169373,-9.729279
3187385704357,-11.730225,0.65774536,-10.069672
3187385704362,-2.054016,6.446808,-10.272003
3187385704367,9.262268,7.3680115,-10.331512
3187385704372,13.89447,2.8143616,-10.136322
3187385704377,8.650513,-3.7745056,-9.872101
3187385704382,-3.1418457,-7.7640076,-9.61026
3187385704387,-11.989685,-5.91922,-9.67453
3187385704392,-12.163452,0.13406372,-10.067291
3187385704397,-3.0394897,6.0992737,-10.307709
3187385704402,8.602905,7.4632263,-10.324371
3187385704407,13.8302,3.3261414,-10.212494
3187385704412,9.33606,-3.3436584,-9.826874
3187385704416,-2.2682495,-7.6545105,-9.626923
3187385704421,-11.608826,-6.264374,-9.714996
3187385704426,-12.453857,-0.43008423,-9.9982605
3187385704431,-3.9702148,5.7969666,-10.305328
3187385704436,7.8745117,7.603668,-10.279144
3187385704441,13.751648,3.7617493,-10.222015
3187385704446,9.985901,-2.8437805,-9.862579
3187385704452,-1.2851563,-7.4807434,-9.67453
3187385704456,-11.158936,-6.5190735,-9.745941
3187385704461,-12.779968,-0.8704529,-10.010162
3187385704466,-4.798584,5.4422913,-10.274384
3187385704471,7.1413574,7.684601,-10.3124695
3187385704476,13.608826,4.1878357,-10.25058
3187385704481,10.590515,-2.3819885,-9.822113
3187385704486,-0.44726563,-7.3283997,-9.660248
3187385704491,-10.720947,-6.759491,-9.655487
3187385704496,-13.015625,-1.3512878,-9.941132
3187385704501,-5.581726,5.1042786,-10.224396
3187385704506,6.427246,7.703644,-10.341034
3187385704511,13.515991,4.573456,-10.260101
3187385704516,11.116577,-1.948761,-9.872101
3187385704520,0.35253906,-7.1427307,-9.707855
3187385704525,-10.321045,-6.9999084,-9.722137
3187385704531,-13.163208,-1.7702332,-10.005402
3187385704535,-6.2339478,4.7377014,-10.31723
3187385704540,5.81073,7.725067,-10.260101
3187385704545,13.31842,4.8662415,-10.326752
3187385704550,11.499817,-1.5774231,-9.903046
3187385704555,1.1047363,-7.021332,-9.80307
3187385704560,-9.821167,-7.1546326,-9.686432
3187385704565,-13.229858,-2.1677551,-9.853058
3187385704570,-6.921875,4.4187317,-10.222015
3187385704575,5.060913,7.722687,-10.257721
3187385704580,13.097046,5.1733093,-10.341034
3187385704585,11.90686,-1.1513367,-9.886383
3187385704590,1.8545532,-6.792816,-9.710236
3187385704595,-9.395081,-7.3450623,-9.714996
3187385704600,-13.372681,-2.5367126,-9.9149475
3187385704605,-7.5479126,4.035492,-10.1458435
3187385704610,4.4491577,7.6965027,-10.307709
3187385704615,12.86615,5.4565735,-10.343414
3187385704619,12.294861,-0.71810913,-9.905426
3187385704625,2.5496216,-6.5523987,-9.748322
3187385704630,-8.849976,-7.466461,-9.745941
3187385704634,-13.363159,-2.955658,-9.8316345
3187385704639,-8.123962,3.6903381,-10.205353
3187385704644,3.6588745,7.646515,-10.269623
3187385704649,12.580505,5.7517395,-10.350555
3187385704654,12.623352,-0.33963013,-9.922089
3187385704659,3.335144,-6.2953186,-9.836395
3187385704664,-8.278687,-7.592621,-9.665009
3187385704669,-13.382202,-3.3507996,-9.838776
3187385704674,-8.771423,3.2452087,-10.183929
3187385704679,2.7995605,7.5227356,-10.238678
3187385704684,12.132996,6.101654,-10.350555
3187385704689,12.9328,0.25546265,-9.962555
3187385704694,4.411072,-5.893036,-9.857819
3187385704698,-7.4050903,-7.7330627,-9.695953
3187385704704,-13.246521,-3.9363708,-9.764984
3187385704709,-9.637878,2.6358337,-10.172028
3187385704714,1.5950928,7.3608704,-10.238678
3187385704719,11.533142,6.5158386,-10.329132
3187385704723,13.363647,0.969574,-10.014923
3187385704729,5.6417236,-5.388397,-9.8506775
3187385704734,-6.343445,-7.825897,-9.724518
3187385704738,-13.04895,-4.533844,-9.838776
3187385704744,-10.456726,1.9645691,-10.133942
3187385704748,0.26208496,7.0847473,-10.31485
3187385704754,10.842834,6.84671,-10.286285
3187385704758,13.608826,1.6598816,-10.003021
3187385704763,6.6533813,-4.8766174,-9.829254
3187385704769,-5.298462,-7.883026,-9.714996
3187385704773,-12.808533,-5.02182,-9.724518
3187385704778,-11.037537,1.3623352,-10.074432
3187385704783,-0.75671387,6.839569,-10.31723
3187385704788,10.178711,7.0609436,-10.350555
3187385704793,13.770691,2.2359314,-10.0815735
3187385704798,7.6102905,-4.367218,-9.903046
3187385704803,-4.3391724,-7.8473206,-9.745941
3187385704808,-12.487183,-5.476471,-9.760223
3187385704813,-11.625488,0.7434387,-10.086334
3187385704818,-1.8731079,6.503937,-10.302948
3187385704822,9.481262,7.3870544,-10.2934265
3187385704827,13.89209,2.816742,-10.162506
3187385704833,8.548157,-3.8363953,-9.888763
3187385704837,-3.329895,-7.77829,-9.655487
3187385704842,-19.428345,-3.2413025,-11.169403
3187385704847,-6.2696533,-0.73239136,-10.931366
3187385704852,-5.3198853,4.8329163,-9.74118
3187385704857,5.132324,5.7017517,-10.393402
3187385704862,14.913269,4.766266,-9.895905
3187385704868,9.921631,-5.1717834,-9.515045
3187385704872,-2.1920776,-8.1163025,-9.569794
3187385704877,-12.610962,-5.131317,-10.143463
3187385704882,-14.32959,1.0124207,-10.302948
3187385704887,-7.433655,6.3039856,-10.214874
3187385704892,3.7493286,8.024994,-10.695709
3187385704896,12.701904,5.332794,-10.50766
3187385704902,14.779968,0.04837036,-9.598358
3187385704907,10.133484,-4.9170837,-9.238922
3187385704911,1.3499146,-7.383148,-9.67215
3187385704916,-8.304871,-6.630951,-9.748322
3187385704922,-14.20343,-3.0794373,-10.072052
3187385704926,-13.553589,1.9740906,-10.371979
3187385704931,-7.171814,6.087372,-10.576691
3187385704937,2.0568848,7.660797,-10.526703
3187385704942,10.023987,6.287323,-10.226776
3187385704946,13.813538,2.5810852,-9.93161
3187385704951,12.859009,-1.8083191,-9.486481
3187385704956,7.438904,-5.2289124,-9.348419
3187385704961,-2.4205933,-4.5171814,-10.179169
3187385704966,-3.0632935,-1.6512146,-10.193451
3187385704971,-6.576721,-1.2608337,-9.960175
3187385704976,-8.323914,0.9743347,-10.05777
3187385704981,-5.124695,2.9548035,-10.333893
3187385704986,-1.187561,2.4525452,-10.224396
3187385704991,3.0875854,1.9288635,-9.80069
3187385704995,6.1344604,0.6291809,-9.80069
3187385705001,6.7628784,-0.7371521,-9.822113
3187385705006,5.522705,-1.589325,-9.8316345
3187385705011,2.2973022,-2.0273132,-10.026825
3187385705016,-1.7755127,-1.6654968,-10.033966
3187385705021,-5.2627563,-0.75619507,-10.117279
3187385705025,-6.645752,0.51016235,-10.326752
3187385705030,-5.324646,1.5837097,-10.174408
3187385705035,-1.4684448,1.8027039,-10.110138
3187385705041,3.2732544,1.4670715,-9.795929
3187385705045,6.9223633,0.27450562,-9.845917
3187385705050,7.210388,-1.4631653,-9.872101
3187385705056,3.8850098,-2.6723938,-9.80069
3187385705060,-0.3829956,-2.2320251,-10.114899
3187385705065,-6.1672974,-3.0104065,-10.12442
3187385705070,-8.628601,-1.7987976,-10.150604
3187385705075,-7.440796,0.802948,-10.155365
3187385705080,-1.4232178,3.0952454,-10.112518
3187385705086,6.1296997,2.9690857,-9.86496
3187385705090,9.971619,1.2076111,-9.8506775
3187385705095,9.328918,-1.1846619,-9.776886
3187385705100,4.372986,-3.0675354,-9.7673645
3187385705105,-2.8204956,-3.5626526,-9.981598
3187385705110,-8.123962,-2.2986755,-10.129181
3187385705115,-9.823547,-0.13967896,-10.279144
3187385705120,-7.440796,1.9955139,-10.174408
3187385705125,-1.4851074,3.2452087,-10.162506
3187385705129,5.098999,3.0143127,-9.92923
3187385705134,9.038513,1.643219,-9.8506775
3187385705140,9.666931,-0.27297974,-9.7673645
3187385705144,6.286804,-2.0439758,-9.755463
3187385705149,0.035949707,-2.9294739,-10.036346
3187385705154,-5.819763,-2.5343323,-10.0625305
3187385705159,-8.702393,-1.3917542,-10.255341
3187385705164,-7.993042,-0.8442688,-10.181549
3187385705169,-4.6748047,1.1123962,-9.955414
3187385705175,0.65722656,2.4144592,-10.010162
3187385705179,5.42511,2.1383362,-9.86972
3187385705184,8.060181,0.9410095,-9.917328
3187385705189,7.036621,-1.1489563,-9.786407
3187385705194,1.6974487,-3.0437317,-10.022064
3187385705199,-4.1296997,-2.2082214,-9.967316
3187385705204,-6.576721,-0.03970337,-10.12204
3187385705209,-5.9506836,2.047882,-10.129181
3187385705214,-2.3206177,3.054779,-10.138702
3187385705218,2.2949219,2.3906555,-9.99588
3187385705224,6.136841,1.707489,-9.884003
3187385705229,7.9173584,0.7601013,-10.017303
3187385705233,6.4224854,-0.8514099,-9.907806
3187385705238,0.4906006,-2.5819397,-10.043488
3187385705244,-5.60791,-2.8485413,-10.093475
3187385705248,-8.290588,-1.8345032,-10.138702
3187385705253,-6.640991,0.55062866,-10.12442
3187385705258,-0.018798828,2.8762512,-10.031586
3187385705263,6.7962036,2.5572815,-9.92923
3187385705268,9.40271,0.5625305,-9.769745
3187385705274,7.6221924,-1.6964417,-9.776886
3187385705278,1.5355835,-3.1056213,-9.888763
3187385705284,-5.2365723,-2.7866516,-10.005402
3187385705288,-8.604797,-1.3251038,-10.233917
3187385705293,-7.966858,-0.30630493,-10.31723
3187385705298,-3.8511963,1.2671204,-10.033966
3187385705303,2.6448364,2.7953186,-9.981598
3187385705308,7.3460693,2.5906067,-9.86734
3187385705313,8.412476,1.1338196,-9.922089
3187385705318,5.5322266,-1.4607849,-9.9339905
3187385705323,-0.74005127,-2.5509949,-10.069672
3187385705328,-5.7769165,-2.0154114,-10.026825
3187385705333,-7.1289673,-0.6633606,-10.2291565
3187385705338,-4.7700195,1.1528625,-10.036346
3187385705343,1.0214233,2.381134,-10.022064
3187385705348,6.136841,2.0526428,-9.886383
3187385705352,7.838806,0.5887146,-9.86496
3187385705357,5.613159,-1.3703308,-9.881622
3187385705363,-0.616272,-2.8747253,-10.055389
3187385705367,-6.338684,-2.6509705,-10.053009
3187385705372,-7.895447,-1.2060852,-10.169647
3187385705377,-5.067566,0.7886658,-10.133942
3187385705382,1.7617188,2.7120056,-9.974457
3187385705387,7.1104126,2.7500916,-9.853058
3187385705392,8.393433,1.0552673,-9.884003
3187385705397,5.0252075,-1.3227234,-9.876862
3187385705402,-1.7945557,-2.9580383,-10.131561
3187385705407,-6.902832,-2.7295227,-10.12442
3187385705412,-7.966858,-1.1870422,-10.18869
3187385705417,-4.5391235,0.97909546,-10.033966
3187385705422,2.3568115,2.7738953,-9.979218
3187385705426,7.22229,2.5358582,-9.853058
3187385705432,8.162537,0.92196655,-9.917328
3187385705437,4.6967163,-1.358429,-9.936371
3187385705441,-2.137329,-3.0056458,-10.093475
3187385705446,-6.6124268,-2.0868225,-10.074432
3187385705451,-7.133728,-0.011138916,-10.214874
3187385705456,-3.4346313,1.8669739,-10.055389
3187385705461,3.1018677,2.688202,-10.031586
3187385705466,7.3032227,1.8955383,-9.879242
3187385705472,7.741211,0.24832153,-9.957794
3187385705476,3.6326904,-1.929718,-9.917328
3187385705481,-3.3703613,-2.9794617,-10.112518
3187385705486,-7.1575317,-2.2653503,-10.181549
3187385705491,-7.1765747,-0.5395813,-10.131561
3187385705496,-2.5681763,1.6908264,-9.976837
3187385705501,4.2563477,2.9809875,-9.943512
3187385705506,7.8269043,2.2668762,-9.812592
3187385705511,7.407959,0.31497192,-9.99588
3187385705516,2.4020386,-2.00589,-10.022064
3187385705521,-4.3201294,-3.0889587,-10.098236
3187385705526,-7.4693604,-2.2534485,-10.18631
3187385705530,-6.69812,-0.2015686,-10.053009
3187385705535,-1.3803711,2.0169373,-10.024445
3187385705540,5.091858,2.9167175,-9.881622
3187385705546,7.941162,1.957428,-9.826874
3187385705550,6.931885,-0.09207153,-9.955414
3187385705555,1.4189453,-2.417694,-10.003021
3187385705560,-4.908081,-3.0532532,-10.029205
3187385705565,-7.4074707,-1.8154602,-10.160126
3187385705571,-5.9292603,0.36972046,-10.093475
3187385705575,-0.121154785,2.4953918,-9.945892
3187385705580,5.836914,2.8786316,-9.93161
3187385705585,8.0911255,1.4861145,-9.843536
3187385705590,5.958313,-0.70858765,-9.917328
3187385705595,-0.19732666,-2.6009827,-10.053009
3187385705600,-5.8340454,-2.8223572,-10.043488
3187385705605,-7.5336304,-1.5393372,-10.222015
3187385705610,-5.0199585,0.6791687,-10.033966
3187385705614,1.4260864,2.6453552,-9.983978
3187385705620,6.598633,2.7500916,-9.910187
3187385705625,7.9316406,1.2433167,-9.862579
3187385705630,4.951416,-1.0799255,-9.991119
3187385705634,-1.7112427,-2.860443,-10.088715
3187385705640,-6.4815063,-2.7485657,-10.131561
3187385705645,-7.395569,-1.0918274,-10.160126
3187385705650,-3.9487915,1.1742859,-10.043488
3187385705654,2.7091064,2.8453064,-9.99588
3187385705659,7.131836,2.592987,-9.919708
3187385705664,7.7816772,0.8267517,-9.919708
3187385705669,3.9921265,-1.5464783,-9.972076
3187385705674,-2.8204956,-3.1246643,-10.102997
3187385705679,-6.857605,-2.565277,-10.136322
3187385705684,-7.0218506,-0.6776428,-10.114899
3187385705689,-2.7252808,1.6336975,-9.924469
3187385705694,3.9778442,3.0262146,-9.93161
3187385705699,7.586487,2.2049866,-9.874481
3187385705704,7.2437134,0.276886,-9.926849
3187385705709,2.3806152,-1.9773254,-9.983978
3187385705714,-4.182068,-3.046112,-10.0815735
3187385705719,-7.2456055,-2.1772766,-10.174408
3187385705724,-6.4196167,-0.20870972,-10.098236
3187385705729,-1.1970825,2.0383606,-9.9982605
3187385705734,5.0323486,2.900055,-9.950653
3187385705738,7.73407,2.0097961,-9.819733
3187385705744,6.6295776,-0.073028564,-9.938751
3187385705749,1.2166138,-2.2796326,-10.100616
3187385705753,-4.912842,-3.0556335,-10.05777
3187385705758,-7.2908325,-2.0177917,-10.167267
3187385705763,-5.984009,0.04837036,-10.093475
3187385705768,-0.49249268,2.2811584,-9.99588
3187385705773,5.4298706,2.9976501,-9.936371
3187385705778,7.8150024,1.9002991,-9.881622
3187385705783,6.382019,-0.25393677,-9.99588
3187385705788,0.72387695,-2.4795837,-10.005402
3187385705793,-5.1365967,-3.0937195,-9.988739
3187385705798,-7.269409,-1.8702087,-10.179169
3187385705803,-5.6245728,0.24118042,-10.102997
3187385705808,0.19067383,2.4096985,-9.960175
3187385705813,5.741699,2.919098,-9.92923
3187385705818,7.7816772,1.7027283,-9.898285
3187385705823,5.889282,-0.4657898,-10.036346
3187385705828,0.04547119,-2.5462341,-10.083954
3187385705833,-5.407959,-2.974701,-9.967316
3187385705838,-7.269409,-1.7226257,-10.172028
3187385705842,-5.2889404,0.39590454,-10.033966
3187385705847,0.5405884,2.4692078,-9.936371
3187385705852,5.932129,2.8857727,-9.879242
3187385705857,7.748352,1.5884705,-9.822113
3187385705862,5.656006,-0.5395813,-10.014923
3187385705867,-0.2592163,-2.6890564,-10.076813
3187385705872,-5.548401,-2.9961243,-10.048248
3187385705877,-7.2146606,-1.698822,-10.150604
3187385705882,-5.067566,0.507782,-10.036346
3187385705887,0.93096924,2.5882263,-9.9149475
3187385705892,6.13208,2.8929138,-9.881622
3187385705897,7.7007446,1.5527649,-9.86972
3187385705902,5.439392,-0.6728821,-9.948273
3187385705907,-0.59246826,-2.7485657,-10.129181
3187385705912,-5.67218,-2.974701,-10.024445
3187385705917,-7.1813354,-1.6226501,-10.160126
3187385705922,-4.812866,0.6529846,-9.972076
3187385705927,1.333252,2.6453552,-9.941132
3187385705932,6.298706,2.8215027,-9.884003
3187385705936,7.688843,1.4170837,-9.834015
3187385705942,5.0775757,-0.8371277,-10.014923
3187385705947,-1.1256714,-2.8009338,-10.160126
3187385705951,-5.934021,-2.9389954,-9.986359
3187385705956,-7.152771,-1.467926,-10.086334
3187385705962,-4.3986816,0.8338928,-10.012543
3187385705967,1.7902832,2.733429,-9.962555
3187385705971,6.4177246,2.7500916,-9.888763
3187385705977,7.6031494,1.309967,-9.86734
3187385705981,4.770508,-0.95614624,-9.926849
3187385705986,-1.5565186,-2.8675842,-10.141083
3187385705991,-6.0720825,-2.8961487,-10.007782
3187385705996,-7.0789795,-1.339386,-10.174408
3187385706001,-4.0892334,0.9172058,-10.026825
3187385706006,2.2473145,2.823883,-9.974457
3187385706011,6.6224365,2.7619934,-9.919708
3187385706016,7.569824,1.2052307,-9.884003
3187385706021,4.411072,-1.1180115,-10.014923
3187385706025,-1.9302368,-2.974701,-10.126801
3187385706030,-6.1863403,-2.8652039,-10.041107
3187385706035,-7.024231,-1.2703552,-10.126801
3187385706041,-3.8059692,1.079071,-9.981598
3187385706046,2.5043945,2.8738708,-9.945892
3187385706051,6.7366943,2.7358093,-9.905426
3187385706055,7.4817505,1.1028748,-9.941132
3187385706060,4.1587524,-1.2417908,-9.972076
3187385706065,-2.2182617,-3.027069,-10.091095
3187385706071,-6.3029785,-2.7985535,-10.069672
3187385706076,-6.929016,-1.153717,-10.095856
3187385706080,-3.5108032,1.2195129,-9.953033
3187385706085,2.8638306,2.8976746,-9.926849
3187385706090,6.848572,2.6453552,-9.900665
3187385706095,7.400818,0.96481323,-9.924469
3187385706100,3.7350464,-1.384613,-9.979218
3187385706105,-2.6538696,-3.0484924,-10.183929
3187385706110,-6.4577026,-2.7176208,-10.036346
3187385706115,-6.7838135,-1.0108948,-10.117279
3187385706120,-3.0847168,1.3504333,-9.972076
3187385706125,3.3137207,2.9881287,-9.967316
3187385706130,6.996155,2.5691833,-9.907806
3187385706135,7.291321,0.8172302,-9.953033
3187385706140,3.4017944,-1.5440979,-9.976837
3187385706144,-3.0966187,-3.084198,-10.114899
3187385706149,-6.5862427,-2.6319275,-10.031586
3187385706154,-6.710022,-0.8442688,-10.091095
3187385706159,-2.630066,1.540863,-10.031586
3187385706164,3.6921997,3.0214539,-10.005402
3187385706169,7.100891,2.4763489,-9.938751
3187385706174,7.09375,0.6696472,-9.9149475
3187385706179,2.8685913,-1.6964417,-9.972076
3187385706184,-3.4869995,-3.1437073,-10.167267
3187385706189,-6.702881,-2.5248108,-10.114899
3187385706194,-6.5267334,-0.64193726,-10.112518
3187385706199,-2.2301636,1.6789246,-9.884003
3187385706204,4.1206665,3.0428772,-9.964935
3187385706209,7.210388,2.3644714,-10.012543
3187385706214,6.984253,0.591095,-9.962555
3187385706219,2.5615234,-1.8940125,-9.964935
3187385706224,-3.7869263,-3.1365662,-10.129181
3187385706229,-6.748108,-2.4414978,-10.053009
3187385706234,-6.3981934,-0.627655,-10.043488
3187385706239,-1.8278809,1.8169861,-9.9935
3187385706244,4.3967896,3.0762024,-9.972076
3187385706248,7.2698975,2.316864,-9.855438
3187385706254,6.798584,0.3506775,-10.014923
3187385706258,2.1449585,-1.9916077,-10.036346
3187385706263,-4.029724,-3.1984558,-10.05777
3187385706268,-6.8147583,-2.3796082,-10.083954
3187385706274,-6.150635,-0.39675903,-10.086334
3187385706279,-1.4279785,1.9217224,-9.962555
3187385706283,4.5967407,3.0881042,-9.99588
3187385706288,7.3460693,2.2049866,-9.857819
3187385706293,6.586731,0.19833374,-9.974457
3187385706298,1.6403198,-2.141571,-10.024445
3187385706303,-4.3415527,-3.167511,-10.0625305
3187385706308,-6.9004517,-2.2748718,-10.160126
3187385706312,-5.9768677,-0.2515564,-10.043488
3187385706318,-0.9090576,2.0978699,-9.919708
3187385706323,4.996643,3.047638,-9.900665
3187385706328,7.427002,2.1383362,-9.855438
3187385706333,6.303467,0.012664795,-9.986359
3187385706337,1.0785522,-2.2843933,-10.0815735
3187385706342,-4.729553,-3.1817932,-10.048248
3187385706347,-6.9552,-2.1058655,-10.126801
3187385706352,-5.657898,-0.04446411,-10.003021
3187385706357,-0.2854004,2.297821,-9.955414
3187385706362,5.3251343,3.0071716,-9.924469
3187385706367,7.4508057,1.9502869,-9.905426
3187385706372,5.9868774,-0.18252563,-9.99588
3187385706377,0.43585205,-2.4605408,-10.053009
3187385706382,-5.074707,-3.1341858,-10.033966
3187385706387,-7.01947,-2.00589,-10.1458435
3187385706392,-5.3270264,0.14596558,-10.014923
3187385706397,0.2668457,2.4025574,-9.957794
3187385706401,5.694092,2.9976501,-9.922089
3187385706407,7.4888916,1.8455505,-9.881622
3187385706412,5.658386,-0.42056274,-10.005402
3187385706417,-0.08544922,-2.5890808,-10.088715
3187385706422,-5.338928,-3.1246643,-10.031586
3187385706426,-7.012329,-1.8511658,-10.150604
3187385706431,-4.958069,0.3982849,-10.017303
3187385706437,0.86431885,2.5453796,-9.917328
3187385706442,5.958313,2.9976501,-9.960175
3187385706446,7.5126953,1.643219,-9.881622
3187385706451,5.227539,-0.62527466,-10.026825
3187385706457,-0.7686157,-2.7461853,-10.183929
3187385706461,-5.6364746,-3.0532532,-9.99588
3187385706466,-6.9647217,-1.6226501,-10.100616
3187385706471,-4.510559,0.6458435,-10.031586
3187385706476,1.6022339,2.714386,-9.943512
3187385706481,6.2701416,2.881012,-9.964935
3187385706486,7.4317627,1.4337463,-9.838776
3187385706491,4.687195,-0.9252014,-9.960175
3187385706496,-1.4613037,-2.8747253,-10.112518
3187385706501,-5.9244995,-2.9342346,-10.000641
3187385706506,-6.8861694,-1.4845886,-10.169647
3187385706511,-3.93927,0.93862915,-10.017303
3187385706516,2.302063,2.8500671,-9.905426
3187385706521,6.541504,2.7810364,-9.926849
3187385706526,7.3460693,1.2099915,-9.960175
3187385706531,4.065918,-1.1799011,-10.036346
3187385706536,-2.2420654,-3.0484924,-10.181549
3187385706540,-6.1934814,-2.8318787,-10.06015
3187385706545,-6.76239,-1.1751404,-10.067291
3187385706551,-3.2442017,1.2171326,-10.014923
3187385706556,3.0923462,2.9429016,-9.960175
3187385706560,6.8009644,2.6929626,-9.912567
3187385706565,7.227051,0.92196655,-9.9339905
3187385706570,3.392273,-1.5202942,-10.024445
3187385706575,-2.9680786,-3.1199036,-10.160126
3187385706580,-6.4243774,-2.7009583,-10.088715
3187385706585,-6.5838623,-0.8680725,-10.038727
3187385706590,-2.5372314,1.540863,-9.974457
3187385706595,3.7374268,3.0333557,-9.936371
3187385706600,7.0461426,2.5382385,-9.836395
3187385706605,6.9509277,0.61727905,-9.974457
3187385706610,2.654358,-1.7392883,-10.019684
3187385706615,-3.5679321,-3.1794128,-10.0815735
3187385706619,-6.600525,-2.5557556,-10.0815735
3187385706624,-6.350586,-0.6443176,-10.105377
3187385706630,-1.8207397,1.8217468,-9.945892
3187385706635,4.349182,3.066681,-10.017303
3187385706640,7.15802,2.3954163,-9.92923
3187385706645,6.658142,0.42922974,-9.92923
3187385706649,1.9188232,-2.0225525,-10.064911
3187385706654,-4.136841,-3.186554,-10.114899
3187385706659,-6.7457275,-2.3296204,-10.112518
3187385706665,-6.031616,-0.35629272,-10.000641
3187385706669,-1.0804443,2.0312195,-9.948273
3187385706674,4.8514404,3.0952454,-9.945892
3187385706679,7.3270264,2.188324,-9.836395
3187385706684,6.343933,0.098358154,-10.007782
3187385706689,1.1713867,-2.270111,-10.053009
3187385706694,-4.6081543,-3.2008362,-10.022064
3187385706699,-6.8671265,-2.2225037,-10.176788
3187385706704,-5.665039,-0.10873413,-10.003021
3187385706709,-0.34729004,2.2740173,-9.9935
3187385706714,5.29895,3.0904846,-9.988739
3187385706719,7.3651123,2.0383606,-9.881622
3187385706724,5.9678345,-0.115875244,-10.007782
3187385706729,0.51678467,-2.4605408,-10.029205
3187385706734,-4.934265,-3.1437073,-9.9982605
3187385706739,-6.876648,-2.0749207,-10.126801
3187385706744,-5.2960815,0.11740112,-10.014923
3187385706748,0.28112793,2.4049377,-9.972076
3187385706753,5.586975,3.0857239,-9.941132
3187385706758,7.4317627,1.8312683,-9.886383
3187385706763,5.5750732,-0.36343384,-10.012543
3187385706768,-0.08782959,-2.6247864,-10.050629
3187385706773,-5.3008423,-3.1127625,-9.988739
3187385706778,-6.9171143,-1.8583069,-10.12204
3187385706783,-4.855713,0.36257935,-10.029205
3187385706788,0.9523926,2.5691833,-9.895905
3187385706793,5.901184,2.971466,-9.922089
3187385706797,7.377014,1.6836853,-9.834015
3187385706803,5.1347046,-0.64907837,-10.045868
3187385706808,-0.84954834,-2.750946,-10.126801
3187385706813,-5.5650635,-3.0556335,-10.019684
3187385706818,-6.838562,-1.6726379,-10.074432
3187385706823,-4.382019,0.6458435,-10.017303
3187385706827,1.6688843,2.7548523,-9.945892
3187385706833,6.1939697,2.907196,-9.893524
3187385706837,7.279419,1.4884949,-9.891144
3187385706842,4.587219,-0.88235474,-10.000641
3187385706848,-1.5446167,-2.943756,-10.0625305
3187385706852,-5.8269043,-2.9770813,-9.988739
3187385706857,-6.8028564,-1.4703064,-10.143463
3187385706863,-3.7988281,0.9172058,-10.014923
3187385706867,2.3496704,2.8762512,-9.948273
3187385706872,6.472473,2.8405457,-9.86734
3187385706878,7.2056274,1.2361755,-9.941132
3187385706882,4.058777,-1.1656189,-10.010162
3187385706887,-2.220642,-3.0318298,-10.191071
3187385706892,-6.062561,-2.879486,-10.019684
3187385706896,-6.6314697,-1.256073,-10.129181
3187385706902,-3.2442017,1.1504822,-10.003021
3187385706907,2.9519043,2.9548035,-9.981598
3187385706911,6.665283,2.7453308,-9.945892
3187385706917,7.074707,1.0243225,-9.964935
3187385706922,3.4494019,-1.4346008,-9.988739
3187385706927,-2.8323975,-3.1270447,-10.195831
3187385706932,-6.300598,-2.7461853,-10.055389
3187385706937,-6.467224,-1.0275574,-10.083954
3187385706942,-2.6324463,1.4337463,-9.99588
3187385706947,3.5231934,3.0762024,-9.898285
3187385706951,6.83667,2.5596619,-9.898285
3187385706956,6.8842773,0.7624817,-9.986359
3187385706962,2.866211,-1.6845398,-9.967316
3187385706966,-3.406067,-3.1984558,-10.093475
3187385706971,-6.4315186,-2.6105042,-10.074432
3187385706976,-6.260132,-0.7966614,-10.076813
3187385706981,-1.9992676,1.6789246,-9.964935
3187385706986,4.0897217,3.0857239,-9.924469
3187385706990,6.9818726,2.426361,-9.888763
3187385706996,6.6224365,0.4982605,-10.014923
3187385707001,2.1259155,-1.9511414,-10.003021
3187385707006,-3.901184,-3.2270203,-10.083954
3187385707011,-6.5791016,-2.467682,-10.148224
3187385707015,-5.9697266,-0.50149536,-10.067291
3187385707021,-1.2946777,1.938385,-9.922089
3187385707025,4.606262,3.1357117,-9.898285
3187385707031,7.15802,2.3025818,-9.924469
3187385707036,6.317749,0.25308228,-9.957794
3187385707041,1.416565,-2.1725159,-10.088715
3187385707045,-4.367737,-3.2198792,-10.06015
3187385707050,-6.6695557,-2.282013,-10.069672
3187385707055,-5.657898,-0.20870972,-10.019684
3187385707060,-0.60198975,2.124054,-9.924469
3187385707065,5.0442505,3.1142883,-9.962555
3187385707070,7.1937256,2.0740662,-9.881622
3187385707075,5.944031,-0.0206604,-10.029205
3187385707080,0.7357788,-2.365326,-10.095856
3187385707085,-4.741455,-3.1984558,-10.012543
3187385707090,-6.7124023,-2.1082458,-10.107758
3187385707095,-5.2698975,0.041229248,-10.024445
3187385707100,0.16448975,2.3716125,-9.976837
3187385707105,5.4679565,3.0238342,-9.936371
3187385707110,7.2175293,1.9002991,-9.886383
3187385707115,5.5060425,-0.2848816,-10.012543
3187385707120,-0.056884766,-2.5914612,-10.017303
3187385707125,-5.162781,-3.1365662,-9.9149475
3187385707129,-6.774292,-1.9225769,-10.12442
3187385707134,-4.8081055,0.32925415,-10.003021
3187385707139,0.9024048,2.5168152,-9.967316
3187385707144,5.7964478,3.0190735,-9.991119
3187385707150,7.2460938,1.7598572,-9.917328
3187385707154,5.098999,-0.55862427,-9.983978
3187385707159,-0.68292236,-2.7461853,-10.179169
3187385707164,-5.4484253,-3.122284,-10.017303
3187385707169,-6.7504883,-1.717865,-10.138702
3187385707174,-4.3344116,0.5887146,-10.000641
3187385707179,1.5498657,2.7286682,-9.922089
3187385707185,6.0654297,2.9476624,-9.912567
3187385707189,7.1675415,1.4789734,-9.879242
3187385707194,4.5705566,-0.8299866,-10.031586
3187385707199,-1.5112915,-2.9294739,-10.086334
3187385707204,-5.7769165,-3.000885,-10.029205
3187385707208,-6.671936,-1.4774475,-10.114899
3187385707214,-3.7964478,0.8957825,-10.005402
3187385707219,2.2806396,2.881012,-9.943512
3187385707224,6.3843994,2.86911,-9.917328
3187385707229,7.086609,1.2671204,-9.917328
3187385707233,3.9468994,-1.1941833,-10.019684
3187385707239,-2.2468262,-3.0722961,-10.1458435
3187385707244,-5.9887695,-2.8437805,-10.076813
3187385707248,-6.557678,-1.2132263,-10.160126
3187385707253,-3.1608887,1.1576233,-10.010162
3187385707258,3.001892,2.9357605,-9.969696
3187385707264,6.58197,2.7548523,-9.888763
3187385707268,6.9437866,1.0171814,-9.99588
3187385707273,3.297058,-1.4346008,-10.041107
3187385707278,-2.8990479,-3.1437073,-10.136322
3187385707283,-6.217285,-2.7771301,-10.055389
3187385707288,-6.37677,-0.9823303,-10.055389
3187385707293,-2.5419922,1.4623108,-9.972076
3187385707298,3.6136475,3.0428772,-9.979218
3187385707303,6.8223877,2.5787048,-9.874481
3187385707308,6.7557373,0.76724243,-9.976837
3187385707313,2.6972046,-1.7154846,-10.012543
3187385707317,-3.4179688,-3.2103577,-10.079193
3187385707322,-6.426758,-2.615265,-10.079193
3187385707327,-6.126831,-0.75619507,-10.074432
3187385707332,-1.8135986,1.7051086,-9.93161
3187385707337,4.1539917,3.0785828,-9.910187
3187385707342,6.9485474,2.4406433,-9.855438
3187385707348,6.491516,0.4649353,-9.99588
3187385707353,1.9450073,-1.9725647,-10.022064
3187385707357,-3.996399,-3.2151184,-10.107758
3187385707362,-6.574341,-2.4343567,-10.088715
3187385707368,-5.8602295,-0.45150757,-10.0625305
3187385707372,-1.1018677,1.9669495,-9.936371
3187385707377,4.682434,3.138092,-9.948273
3187385707382,7.079468,2.2621155,-9.888763
3187385707387,6.1868286,0.21261597,-9.969696
3187385707392,1.2618408,-2.2296448,-10.026825
3187385707397,-4.432007,-3.22464,-10.050629
3187385707402,-6.664795,-2.3224792,-10.098236
3187385707407,-5.524597,-0.19918823,-10.036346
3187385707411,-0.44726563,2.214508,-9.919708
3187385707417,5.1085205,3.092865,-9.93161
3187385707422,7.119934,2.1002502,-9.881622
3187385707427,5.8202515,-0.06588745,-9.9935
3187385707431,0.5977173,-2.3938904,-10.05777
3187385707437,-4.805725,-3.212738,-10.055389
3187385707442,-6.6743164,-2.1439514,-10.136322
3187385707446,-5.146118,0.04360962,-10.014923
3187385707451,0.17163086,2.3835144,-9.92923
3187385707456,5.4108276,3.1095276,-9.962555
3187385707461,7.191345,1.976471,-9.843536
3187385707466,5.5203247,-0.25393677,-10.043488
3187385707472,0.035949707,-2.5295715,-10.048248
3187385707476,-5.0889893,-3.1722717,-10.022064
3187385707481,-6.705261,-1.9844666,-10.172028
3187385707486,-4.8223877,0.28164673,-9.979218
3187385707491,0.77386475,2.4977722,-9.981598
3187385707496,5.68219,3.028595,-9.93161
3187385707500,7.184204,1.7812805,-9.884003
3187385707505,5.118042,-0.5086365,-10.003021
3187385707511,-0.5829468,-2.6842957,-10.088715
3187385707516,-5.3651123,-3.148468,-10.000641
3187385707521,-6.690979,-1.8273621,-10.143463
3187385707526,-4.4748535,0.48635864,-9.957794
3187385707530,1.3499146,2.6786804,-9.917328
3187385707535,5.9749756,3.002411,-9.888763
3187385707541,7.188965,1.6003723,-9.886383
3187385707545,4.7181396,-0.710968,-10.045868
3187385707550,-1.2661133,-2.846161,-10.076813
3187385707555,-5.6412354,-3.084198,-9.945892
3187385707560,-6.6743164,-1.6036072,-10.112518
3187385707565,-3.9749756,0.7720032,-9.960175
3187385707570,2.0473633,2.8262634,-9.976837
3187385707575,6.253479,2.8952942,-9.924469
3187385707580,7.0770874,1.39328,-9.92923
3187385707585,4.099243,-1.0751648,-9.99588
3187385707590,-2.0135498,-2.993744,-10.12204
3187385707595,-5.914978,-2.962799,-10.005402
3187385707599,-6.524353,-1.3489075,-10.12204
3187385707605,-3.3703613,1.0957336,-9.9982605
3187385707610,2.7852783,2.9571838,-9.922089
3187385707614,6.5081787,2.785797,-9.888763
3187385707619,6.9366455,1.117157,-9.976837
3187385707625,3.4684448,-1.3512878,-10.022064
3187385707629,-2.6990967,-3.1318054,-10.150604
3187385707635,-6.1434937,-2.8747253,-10.003021
3187385707639,-6.3743896,-1.1251526,-10.074432
3187385707645,-2.7324219,1.348053,-9.986359
3187385707650,3.3875122,3.0619202,-10.010162
3187385707654,6.760498,2.6477356,-9.926849
3187385707660,6.7057495,0.8529358,-9.986359
3187385707664,2.835266,-1.6059875,-10.026825
3187385707669,-3.2561035,-3.1722717,-10.131561
3187385707674,-6.2910767,-2.6533508,-10.0625305
3187385707679,-6.1625366,-0.79904175,-10.012543
3187385707684,-2.0254517,1.6336975,-10.005402
3187385707689,3.9516602,3.0785828,-9.964935
3187385707693,6.869995,2.5429993,-9.86734
3187385707699,6.548645,0.636322,-10.033966
3187385707703,2.2544556,-1.8154602,-10.053009
3187385707708,-3.727417,-3.2555847,-10.079193
3187385707714,-6.448181,-2.5271912,-10.043488
3187385707719,-5.914978,-0.59194946,-10.017303
3187385707723,-1.4970093,1.8407898,-9.92923
3187385707728,4.418213,3.100006,-9.936371
3187385707734,6.9699707,2.4430237,-9.853058
3187385707738,6.305847,0.4078064,-10.010162
3187385707743,1.7045898,-2.051117,-10.012543
3187385707749,-4.163025,-3.2841492,-10.05777
3187385707753,-6.5386353,-2.417694,-10.119659
3187385707758,-5.665039,-0.41818237,-10.043488
3187385707763,-0.9042969,2.0312195,-9.964935
3187385707768,4.8014526,3.1618958,-9.9935
3187385707773,7.060425,2.2763977,-9.936371
3187385707778,6.0654297,0.17453003,-10.000641
3187385707783,1.0928345,-2.2415466,-9.988739
3187385707788,-4.522461,-3.2436829,-10.1458435
3187385707793,-6.593384,-2.270111,-10.117279
3187385707798,-5.4174805,-0.18728638,-10.014923
3187385707803,-0.34490967,2.1788025,-9.962555
3187385707807,5.091858,3.1214294,-9.926849
3187385707813,7.124695,2.169281,-9.917328
3187385707818,5.784546,-0.073028564,-10.05777
3187385707823,0.56915283,-2.410553,-10.091095
3187385707828,-4.805725,-3.2079773,-9.991119
3187385707833,-6.638611,-2.1582336,-10.174408
3187385707837,-5.1604004,-0.0016174316,-9.976837
3187385707843,0.20019531,2.35495,-9.99588
3187385707848,5.3703613,3.119049,-9.9339905
3187385707852,7.1342163,1.9693298,-9.917328
3187385707857,5.4179688,-0.27297974,-10.031586
3187385707862,-0.037841797,-2.5486145,-10.083954
3187385707867,-5.09375,-3.1817932,-9.981598
3187385707872,-6.6243286,-1.9368591,-10.098236
3187385707877,-4.7319336,0.26260376,-9.9339905
3187385707882,0.8762207,2.5334778,-9.964935
3187385707887,5.7321777,3.047638,-10.003021
3187385707892,7.177063,1.809845,-9.874481
3187385707897,5.0371094,-0.4895935,-10.005402
3187385707902,-0.61151123,-2.7271423,-10.091095
3187385707907,-5.357971,-3.1460876,-9.967316
3187385707912,-6.6362305,-1.8702087,-10.157745
3187385707916,-4.45343,0.4649353,-9.983978
3187385707921,1.3356323,2.6548767,-9.938751
3187385707926,5.901184,3.0143127,-9.950653
3187385707932,7.119934,1.6503601,-9.895905
3187385707937,4.732422,-0.6776428,-10.024445
3187385707942,-1.1161499,-2.8509216,-10.143463
3187385707947,-5.5603027,-3.1151428,-10.045868
3187385707951,-6.5719604,-1.7107239,-10.112518
3187385707956,-4.029724,0.7362976,-9.962555
3187385707961,1.9116821,2.7953186,-10.012543
3187385707966,6.1273193,2.9690857,-9.922089
3187385707971,7.0270996,1.4408875,-9.862579
3187385707976,4.1968384,-0.93948364,-10.072052
3187385707981,-1.770752,-2.9699402,-10.150604
3187385707986,-5.8269043,-3.0127869,-10.019684
3187385707991,-6.5267334,-1.4845886,-10.119659
3187385707996,-3.5488892,0.89816284,-9.974457
3187385708001,2.4520264,2.9309998,-9.962555
3187385708006,6.3582153,2.907196,-9.950653
3187385708011,7.0080566,1.2933044,-9.881622
3187385708016,3.8469238,-1.1941833,-10.031586
3187385708020,-2.3110962,-3.091339,-10.136322
3187385708025,-5.9768677,-2.943756,-10.041107
3187385708030,-6.429138,-1.320343,-10.117279
3187385708036,-3.0894775,1.1695251,-9.974457
3187385708040,2.968567,2.9738464,-9.955414
3187385708045,6.5438843,2.7548523,-9.910187
3187385708050,6.8914185,1.0814514,-9.941132
3187385708055,3.3137207,-1.3560486,-10.083954
3187385708060,-2.7276611,-3.129425,-10.064911
3187385708065,-6.1030273,-2.8318787,-10.031586
3187385708070,-6.3363037,-1.1203918,-10.12204
3187385708075,-2.6015015,1.3361511,-9.974457
3187385708080,3.4470215,3.066681,-9.962555
3187385708085,6.689087,2.6667786,-9.905426
3187385708090,6.7724,0.92196655,-9.9339905
3187385708095,2.885254,-1.5655212,-10.012543
3187385708100,-3.1704102,-3.1960754,-10.117279
3187385708105,-6.2387085,-2.7866516,-10.005402
3187385708109,-6.1553955,-0.92282104,-10.143463
3187385708115,-2.1777954,1.5932312,-9.86972
3187385708120,3.796936,3.111908,-9.92923
3187385708124,6.786682,2.6096497,-9.888763
3187385708130,6.567688,0.7101135,-10.022064
3187385708135,2.4329834,-1.7892761,-9.976837
3187385708139,-3.503662,-3.2151184,-10.0625305
3187385708144,-6.319641,-2.6462097,-10.095856
3187385708149,-6.0030518,-0.78952026,-10.036346
3187385708154,-1.7683716,1.7146301,-9.962555
3187385708159,4.0563965,3.1261902,-9.953033
3187385708164,6.850952,2.5120544,-9.874481
3187385708169,6.432007,0.5649109,-10.007782
3187385708174,2.0426025,-1.8797302,-9.9935
3187385708179,-3.836914,-3.2603455,-10.107758
3187385708184,-6.4124756,-2.5986023,-10.072052
3187385708189,-5.8292847,-0.63479614,-10.050629
3187385708194,-1.37323,1.8526917,-9.907806
3187385708199,4.394409,3.157135,-9.938751
3187385708204,6.9295044,2.4311218,-9.886383
3187385708208,6.239197,0.43399048,-10.022064
3187385708214,1.6450806,-2.0273132,-10.083954
3187385708219,-4.139221,-3.2341614,-9.979218
3187385708223,-6.479126,-2.4843445,-10.12204
3187385708228,-5.60791,-0.43484497,-10.019684
3187385708234,-0.8447876,2.0383606,-9.983978
3187385708239,4.746704,3.130951,-9.919708
3187385708243,6.998535,2.2859192,-9.857819
3187385708248,5.9821167,0.1602478,-10.093475
3187385708254,1.0547485,-2.2605896,-9.988739
3187385708258,-4.491516,-3.250824,-10.12442
3187385708263,-6.512451,-2.282013,-10.157745
3187385708269,-5.336548,-0.19680786,-10.072052
3187385708273,-0.30444336,2.233551,-9.924469
3187385708278,5.0775757,3.1333313,-9.919708
3187385708283,7.138977,2.1740417,-9.86496
3187385708288,5.701233,0.034088135,-10.026825
3187385708293,0.6381836,-2.3677063,-10.110138
3187385708298,-4.6486206,-3.2865295,-10.079193
3187385708303,-6.543396,-2.2415466,-10.143463
3187385708308,-5.1484985,-0.04446411,-9.950653
3187385708312,0.13830566,2.3692322,-9.903046
3187385708318,5.315613,3.1547546,-9.943512
3187385708322,7.0532837,2.0169373,-9.9339905
3187385708327,5.4298706,-0.20870972,-10.048248
3187385708333,0.052612305,-2.6009827,-10.088715
3187385708337,-4.991394,-3.2222595,-10.045868
3187385708343,-6.562439,-2.039215,-10.138702
3187385708347,-4.7819214,0.17929077,-10.005402
3187385708352,0.6524658,2.4549255,-9.907806
3187385708357,5.598877,3.1261902,-10.000641
3187385708362,7.0913696,1.8907776,-9.907806
3187385708368,5.0894775,-0.43484497,-10.010162
3187385708372,-0.48059082,-2.7104797,-10.098236
3187385708377,-5.234192,-3.1841736,-10.022064
3187385708382,-6.562439,-1.8821106,-10.169647
3187385708387,-4.4296265,0.42208862,-9.972076
3187385708392,1.2475586,2.6524963,-9.905426
3187385708397,5.8154907,3.0238342,-9.964935
3187385708402,7.0532837,1.7312927,-9.93161
3187385708407,4.746704,-0.60861206,-10.024445
3187385708412,-0.9685669,-2.7866516,-10.152985
3187385708416,-5.4365234,-3.110382,-10.022064
3187385708422,-6.5386353,-1.7749939,-10.148224
3187385708427,-4.0844727,0.58395386,-9.953033
3187385708431,1.6379395,2.7429504,-9.86972
3187385708437,5.965454,2.971466,-9.905426
3187385708441,7.0080566,1.6217957,-9.93161
3187385708446,4.4920044,-0.77285767,-10.014923
3187385708451,-1.2970581,-2.8890076,-10.129181
3187385708456,-5.54126,-3.0889587,-9.960175
3187385708461,-6.479126,-1.6607361,-10.117279
3187385708466,-3.9154663,0.70773315,-9.9339905
3187385708471,1.9450073,2.7953186,-9.957794
3187385708476,6.093994,2.964325,-9.9339905
3187385708481,7.0128174,1.5361023,-9.9149475
3187385708486,4.2563477,-0.89663696,-10.045868
3187385708491,-1.623169,-2.943756,-10.150604
3187385708496,-5.650757,-3.084198,-9.988739
3187385708501,-6.479126,-1.5917053,-10.126801
3187385708506,-3.6988525,0.8267517,-9.922089
3187385708510,2.1235352,2.8310242,-9.950653
3187385708516,6.1154175,2.945282,-9.879242
3187385708520,6.946167,1.4718323,-9.9149475
3187385708526,4.1397095,-0.97994995,-10.069672
3187385708530,-1.7564697,-2.962799,-10.141083
3187385708536,-5.691223,-3.0318298,-9.988739
3187385708541,-6.4386597,-1.5369568,-10.126801
3187385708545,-3.5631714,0.8838806,-9.969696
3187385708550,2.321106,2.8500671,-9.93161
3187385708555,6.2296753,2.9500427,-9.905426
3187385708560,6.908081,1.4004211,-9.9339905
3187385708565,3.9683228,-1.0227966,-10.045868
3187385708570,-1.9468994,-3.0318298,-10.129181
3187385708575,-5.7697754,-3.0223083,-10.012543
3187385708580,-6.402954,-1.5179138,-10.100616
3187385708585,-3.387024,0.9410095,-9.924469
3187385708590,2.5234375,2.8929138,-9.945892
3187385708594,6.2939453,2.9309998,-9.924469
3187385708599,6.889038,1.2885437,-9.950653
3187385708605,3.7207642,-1.1394348,-10.000641
3187385708610,-2.1825562,-3.0223083,-10.172028
3187385708614,-5.8673706,-2.9485168,-10.050629
3187385708620,-6.369629,-1.3917542,-10.119659
3187385708624,-3.144226,1.0576477,-9.936371
3187385708629,2.7424316,2.971466,-9.93161
3187385708634,6.343933,2.8524475,-9.905426
3187385708639,6.824768,1.2552185,-9.926849
3187385708644,3.5422363,-1.2608337,-10.017303
3187385708649,-2.432495,-3.0889587,-10.143463
3187385708654,-5.9554443,-2.9485168,-9.983978
3187385708660,-6.3125,-1.2394104,-10.074432
3187385708664,-2.9395142,1.1504822,-9.974457
3187385708669,3.0161743,2.9952698,-9.983978
3187385708674,6.4415283,2.7667542,-9.886383
3187385708679,6.741455,1.1219177,-9.967316
3187385708684,3.2208862,-1.3512878,-10.069672
3187385708689,-2.7943115,-3.1365662,-10.157745
3187385708694,-6.031616,-2.8390198,-10.014923
3187385708699,-6.1601563,-1.0942078,-10.107758
3187385708703,-2.5848389,1.3718567,-9.879242
3187385708709,3.3327637,3.0309753,-9.910187
3187385708713,6.5177,2.7477112,-9.912567
3187385708718,6.6367188,0.95529175,-9.986359
3187385708724,2.9709473,-1.5036316,-10.014923
3187385708729,-3.015686,-3.1627502,-10.176788
3187385708733,-6.107788,-2.8199768,-10.06015
3187385708739,-6.107788,-1.0370789,-10.069672
3187385708743,-2.3301392,1.4266052,-9.903046
3187385708748,3.5946045,3.0809631,-9.957794
3187385708753,6.5772095,2.7191467,-9.848297
3187385708759,6.57959,0.8695984,-9.986359
3187385708763,2.6972046,-1.6393127,-10.045868
3187385708768,-3.2751465,-3.174652,-10.119659
3187385708773,-6.164917,-2.724762,-10.033966
3187385708778,-6.0006714,-0.8442688,-10.05777
3187385708783,-1.9968872,1.5575256,-9.938751
3187385708788,3.8897705,3.0881042,-9.945892
3187385708793,6.6867065,2.5691833,-9.86496
3187385708798,6.3796387,0.7291565,-9.936371
3187385708802,2.3330078,-1.7654724,-10.029205
3187385708807,-3.5179443,-3.250824,-10.076813
3187385708812,-6.210144,-2.6343079,-10.107758
3187385708817,-5.8911743,-0.7347717,-10.045868
3187385708822,-1.6564941,1.7122498,-9.907806
3187385708827,4.092102,3.138092,-9.976837
3187385708832,6.7366943,2.5525208,-9.907806
3187385708837,6.3201294,0.57681274,-9.983978
3187385708842,2.033081,-1.8749695,-10.105377
3187385708847,-3.753601,-3.2793884,-10.102997
3187385708852,-6.2958374,-2.5938416,-10.0625305
3187385708857,-5.7816772,-0.65145874,-10.069672
3187385708862,-1.3898926,1.8312683,-9.945892
3187385708867,4.2872925,3.1428528,-10.022064
3187385708872,6.7890625,2.4477844,-9.893524
3187385708877,6.170166,0.5149231,-10.014923
3187385708882,1.7450562,-1.9725647,-10.033966
3187385708887,-3.958313,-3.2817688,-10.05777
3187385708892,-6.3220215,-2.4772034,-10.131561
3187385708897,-5.6221924,-0.5562439,-10.024445
3187385708901,-1.0899658,1.9050598,-9.979218
3187385708907,4.5039063,3.1357117,-9.976837
3187385708912,6.817627,2.393036,-9.886383
3187385708917,6.0654297,0.42208862,-10.045868
3187385708921,1.4879761,-2.0653992,-10.041107
3187385708927,-4.1035156,-3.2627258,-10.12442
3187385708932,-6.3172607,-2.501007,-10.150604
3187385708936,-5.5317383,-0.47055054,-10.0625305
3187385708941,-0.92333984,1.9978943,-9.964935
3187385708946,4.6205444,3.1428528,-9.9935
3187385708951,6.8866577,2.3716125,-9.888763
3187385708956,5.9368896,0.31259155,-10.064911
3187385708961,1.3213501,-2.1439514,-10.048248
3187385708966,-4.2558594,-3.2484436,-10.129181
3187385708971,-6.3743896,-2.417694,-10.100616
3187385708976,-5.419861,-0.33010864,-10.017303
3187385708980,-0.64959717,2.0574036,-9.93161
3187385708986,4.789551,3.149994,-9.979218
3187385708991,6.8580933,2.2882996,-9.86972
3187385708996,5.7869263,0.22451782,-10.024445
3187385709001,1.0690308,-2.2415466,-10.038727
3187385709006,-4.3463135,-3.250824,-10.024445
3187385709011,-6.357727,-2.3486633,-10.107758
3187385709016,-5.3413086,-0.2920227,-10.067291
3187385709021,-0.5639038,2.1073914,-9.962555
3187385709026,4.7752686,3.1642761,-9.891144
3187385709031,6.8223877,2.2859192,-9.86496
3187385709035,5.7964478,0.23165894,-9.988739
3187385709040,1.0476074,-2.179657,-10.086334
3187385709045,-4.3320313,-3.250824,-10.045868
3187385709050,-6.3291626,-2.3962708,-10.074432
3187385709055,-5.324646,-0.32772827,-9.9982605
3187385709060,-0.57818604,2.1192932,-9.969696
3187385709065,4.8276367,3.1547546,-9.917328
3187385709070,6.8533325,2.2954407,-9.917328
3187385709075,5.863098,0.21499634,-10.041107
3187385709080,1.0952148,-2.1915588,-10.041107
3187385709085,-4.279663,-3.2746277,-10.110138
3187385709090,-6.3553467,-2.4510193,-10.160126
3187385709094,-5.3532104,-0.36105347,-10.007782
3187385709100,-0.5877075,2.0978699,-9.953033
3187385709105,4.78479,3.1785583,-9.974457
3187385709110,6.8200073,2.3121033,-9.86734
3187385709114,5.7964478,0.17929077,-10.024445
3187385709120,1.0618896,-2.1772766,-10.102997
3187385709124,-4.336792,-3.2651062,-10.076813
3187385709130,-6.388672,-2.372467,-10.079193
3187385709135,-5.3413086,-0.32296753,-10.041107
3187385709139,-0.5543823,2.0764465,-9.907806
3187385709144,4.7990723,3.1547546,-9.986359
3187385709149,6.8271484,2.259735,-9.919708
3187385709154,5.8012085,0.193573,-10.026825
3187385709159,1.0166626,-2.2225037,-10.074432
3187385709164,-4.329651,-3.2651062,-10.0625305
3187385709169,-6.3553467,-2.3700867,-10.110138
3187385709174,-5.3151245,-0.30392456,-10.003021
3187385709179,-0.5305786,2.1097717,-9.936371
3187385709183,4.853821,3.183319,-9.943512
3187385709189,6.8842773,2.2644958,-9.872101
3187385709193,5.8202515,0.18643188,-10.074432
3187385709199,0.97857666,-2.2106018,-10.083954
3187385709204,-4.38916,-3.2603455,-10.064911
3187385709209,-6.414856,-2.3748474,-10.098236
3187385709214,-5.3032227,-0.29440308,-10.031586
3187385709219,-0.4091797,2.1407166,-9.926849
3187385709223,4.8966675,3.1928406,-9.9935
3187385709229,6.8461914,2.2406921,-9.886383
3187385709234,5.701233,0.14120483,-10.05777
3187385709238,0.8500366,-2.2605896,-10.067291
3187385709243,-4.4415283,-3.2436829,-10.026825
3187385709249,-6.369629,-2.301056,-10.107758
3187385709253,-5.2199097,-0.24679565,-10.005402
3187385709258,-0.3758545,2.1740417,-9.953033
3187385709263,4.944275,3.1595154,-9.99588
3187385709268,6.874756,2.2097473,-9.919708
3187385709273,5.7369385,0.14834595,-10.045868
3187385709278,0.83813477,-2.236786,-10.110138
3187385709283,-4.382019,-3.2841492,-10.043488
3187385709288,-6.3601074,-2.3796082,-10.107758
3187385709293,-5.2460938,-0.268219,-10.029205
3187385709297,-0.4091797,2.1740417,-9.941132
3187385709302,4.8847656,3.1618958,-9.8506775
3187385709307,6.877136,2.2692566,-9.924469
3187385709312,5.7250366,0.1435852,-10.003021
3187385709317,0.85717773,-2.26297,-10.072052
3187385709322,-4.4558105,-3.2651062,-10.053009
3187385709327,-6.388672,-2.32724,-10.133942
3187385709332,-5.215149,-0.2515564,-9.9982605
3187385709337,-0.3829956,2.1359558,-9.99588
3187385709342,4.887146,3.138092,-9.955414
3187385709347,6.8390503,2.271637,-9.845917
3187385709352,5.7036133,0.1435852,-10.003021
3187385709357,0.90478516,-2.282013,-10.041107
3187385709362,-4.4034424,-3.2674866,-10.093475
3187385709367,-6.3529663,-2.3558044,-10.117279
3187385709372,-5.2817993,-0.3015442,-10.012543
3187385709377,-0.38775635,2.1454773,-9.910187
3187385709382,4.856201,3.1595154,-9.9982605
3187385709387,6.8152466,2.259735,-9.86496
3187385709392,5.7678833,0.15786743,-10.048248
3187385709397,0.9904785,-2.2320251,-10.0625305
3187385709401,-4.3534546,-3.250824,-10.083954
3187385709406,-6.324402,-2.4081726,-10.0815735
3187385709411,-5.3079834,-0.32296753,-10.06015
3187385709417,-0.5472412,2.1145325,-9.919708
3187385709421,4.8395386,3.119049,-9.955414
3187385709426,6.7843018,2.3049622,-9.853058
3187385709432,5.8345337,0.24118042,-10.088715
3187385709436,1.1547241,-2.1629944,-10.053009
3187385709442,-4.203491,-3.296051,-10.045868
3187385709446,-6.293457,-2.4653015,-10.162506
3187385709452,-5.3865356,-0.46817017,-10.026825
3187385709457,-0.85668945,1.9978943,-9.907806
3187385709461,4.5515137,3.1809387,-9.945892
3187385709466,6.7438354,2.4049377,-9.848297
3187385709471,5.9987793,0.43875122,-10.048248
3187385709476,1.6022339,-2.0273132,-10.06015
3187385709481,-3.913086,-3.2793884,-10.119659
3187385709486,-6.1863403,-2.5914612,-10.095856
3187385709491,-5.650757,-0.6705017,-10.010162
3187385709496,-1.4351196,1.7931824,-9.983978
3187385709501,4.130188,3.1690369,-9.910187
3187385709506,6.598633,2.5453796,-9.855438
3187385709510,6.227295,0.7029724,-9.986359
3187385709516,2.2068481,-1.7392883,-10.05777
3187385709520,-3.4346313,-3.231781,-10.100616
3187385709525,-6.0982666,-2.7152405,-10.026825
3187385709530,-5.8673706,-0.9585266,-10.067291
3187385709535,-2.1397095,1.5075378,-9.924469
3187385709540,3.5089111,3.0785828,-9.981598
3187385709545,6.3843994,2.74057,-9.86972
3187385709550,6.5272217,0.9909973,-9.974457
3187385709555,3.020935,-1.3893738,-10.038727
3187385709560,-2.7109985,-3.1722717,-10.079193
3187385709565,-5.817383,-2.9413757,-10.091095
3187385709570,-6.131592,-1.3227234,-10.041107
3187385709575,-2.9561768,1.1290588,-9.969696
3187385709580,2.7495728,2.9857483,-9.967316
3187385709585,6.1654053,2.9095764,-9.92923
3187385709590,6.670044,1.3052063,-10.014923
3187385709595,3.7564697,-1.025177,-10.079193
3187385709600,-1.9159546,-3.0080261,-10.164886
3187385709604,-5.5079346,-3.0437317,-10.000641
3187385709610,-6.262512,-1.5869446,-10.107758
3187385709614,-3.6940918,0.73153687,-9.93161
3187385709619,1.8735962,2.7834167,-9.926849
3187385709624,5.822632,3.0333557,-9.907806
3187385709629,6.8033447,1.7146301,-9.891144
3187385709634,4.496765,-0.6228943,-10.045868
3187385709639,-0.9447632,-2.7914124,-10.152985
3187385709644,-5.169922,-3.2032166,-10.036346
3187385709649,-6.319641,-1.9797058,-10.148224
3187385709654,-4.439148,0.26498413,-9.924469
3187385709659,0.82385254,2.5310974,-9.910187
3187385709664,5.3917847,3.1690369,-9.962555
3187385709669,6.8152466,2.014557,-9.924469
3187385709674,5.196594,-0.20870972,-10.117279
3187385709679,0.16210938,-2.4795837,-10.117279
3187385709684,-4.658142,-3.2460632,-10.012543
3187385709689,-6.2767944,-2.251068,-10.114899
3187385709693,-4.998535,-0.15872192,-9.972076
3187385709699,-0.21160889,2.2121277,-9.938751
3187385709704,4.853821,3.183319,-9.953033
3187385709708,6.7771606,2.29068,-9.845917
3187385709713,5.779785,0.2602234,-10.003021
3187385709719,1.1594849,-2.1653748,-10.072052
3187385709723,-4.1677856,-3.3269958,-10.119659
3187385709729,-6.2196655,-2.4772034,-10.076813
