accelerometerVectorData,smoothedAccelerometerVectorData,intensity
1.0029561864347865,1.0027219390751974,0.0005888556282504452
1.002487691715608,1.0024876917156083
1.002487691715608,1.0024876917156083
1.002487691715608,1.0026504964277896
1.002813301139971,1.002813301139971
1.002813301139971,1.0020372913110145
1.001261281482058,1.001261281482058
1.001261281482058,1.0023523945598074
1.0034435076375567,1.0034435076375567
1.0034435076375567,1.0038645847322452
1.0042856618269336,1.0042856618269336
1.0042856618269336,1.0037295305790725
1.0031733993312117,1.0031733993312115
1.0031733993312117,1.0025130590033127
1.001852718675414,1.0018527186754138
1.001852718675414,1.002301655218977
1.0027505917625403,1.0027505917625401
1.0027505917625403,1.0031126820662521
1.0034747723699646,1.0034747723699642
1.0034747723699646,1.0027059181437599
1.0019370639175558,1.0019370639175555
1.0019370639175558,1.0026540815605096
1.003371099203464,1.0033710992034637
1.003371099203464,1.002869135746249
1.0023671722890346,1.0023671722890342
1.0023671722890346,1.002778212922026
1.0031892535550182,1.0031892535550178
1.0031892535550182,1.0031895329918399
1.0031898124286622,1.003189812428662
1.0031898124286622,1.0021813019791883
1.0011727915297148,1.0011727915297146
1.0011727915297148,1.0024612509228588
1.0037497103160031,1.003749710316003
1.0037497103160031,1.002933472359024
1.0021172344020455,1.002117234402045
1.0021172344020455,1.0022864928067452
1.0024557512114458,1.0024557512114454
1.0024557512114458,1.002428549950519
1.002401348689593,1.0024013486895926
1.002401348689593,1.0026545341211004
1.0029077195526084,1.0029077195526082
1.0029077195526084,1.0020623389849592
1.0012169584173103,1.0012169584173103
1.0012169584173103,1.00210761337727
1.0029982683372296,1.0029982683372296
1.0029982683372296,1.0027032907943316
1.0024083132514336,1.0024083132514336
1.0024083132514336,1.0023823028987038
1.0023562925459737,1.002356292545974
1.0023562925459737,1.0027752250800899
1.0031941576142056,1.0031941576142058
1.0031941576142056,1.0034628521514353
1.0037315466886645,1.0037315466886647
1.0037315466886645,1.0030846117376004
1.0024376767865357,1.0024376767865362
1.0024376767865357,1.0022307593748188
1.002023841963101,1.0020238419631013
1.002023841963101,1.0021086988301842
1.0021935556972663,1.002193555697267
1.0021935556972663,1.0031105768259703
1.004027597954673,1.0040275979546736
1.004027597954673,1.003866558507403
1.0037055190601316,1.0037055190601323
1.0037055190601316,1.0034503423768832
1.0031951656936335,1.0031951656936342
1.0031951656936335,1.0031005155362562
1.0030058653788776,1.0030058653788783
1.0030058653788776,1.0028972751491054
1.002788684919332,1.0027886849193326
1.002788684919332,1.0029859863438415
1.0031832877683495,1.0031832877683504
1.0031832877683495,1.0028706802163847
1.0025580726644179,1.002558072664419
1.0025580726644179,1.0028864627926581
1.0032148529208962,1.0032148529208973
1.0032148529208962,1.0027911558641263
1.0023674588073543,1.0023674588073552
1.0023674588073543,1.0023300778112776
1.0022926968151993,1.0022926968152
1.0022926968151993,1.0032588022401496
1.0042249076650986,1.0042249076650993
1.0042249076650986,1.0032798451564577
1.0023347826478155,1.0023347826478162
1.0023347826478155,1.0021327118318708
1.0019306410159246,1.0019306410159254
1.0019306410159246,1.002553961056862
1.0031772810977972,1.0031772810977984
1.0031772810977972,1.0025931547561333
1.0020090284144674,1.0020090284144683
1.0020090284144674,1.0022129960535886
1.0024169636927078,1.002416963692709
1.0024169636927078,1.0023564299719547
1.0022958962511994,1.0022958962512005
1.0022958962511994,1.0025486852749799
1.002801474298758,1.0028014742987592
1.002801474298758,1.0029578639614831
1.0031142536242057,1.003114253624207
1.0031142536242057,1.002366211189151
1.0016181687540937,1.0016181687540948
1.0016181687540937,1.0022722692347603
1.0029263697154245,1.0029263697154258
1.0029263697154245,1.0022853853077778
1.0016444009001282,1.0016444009001297
1.0016444009001282,1.002149053345911
1.0026537057916907,1.0026537057916922
1.0026537057916907,1.002530136761538
1.0024065677313823,1.0024065677313838
1.0024065677313823,1.0032235443699
1.004040521008415,1.0040405210084162
1.004040521008415,1.0030801962838631
1.002119871559309,1.00211987155931
1.002119871559309,1.0027234163403604
1.0033269611214097,1.0033269611214108
1.0033269611214097,1.0037155406226153
1.0041041201238183,1.0041041201238197
1.0041041201238183,1.0033126037520017
1.0025210873801824,1.0025210873801838
1.0025210873801824,1.0021601471387913
1.0017992068973973,1.0017992068973989
1.0017992068973973,1.0017472905786664
1.0016953742599326,1.001695374259934
1.0016953742599326,1.0019879098585027
1.0022804454570702,1.0022804454570715
1.0022804454570702,1.0029697805557338
1.0036591156543948,1.0036591156543961
1.0036591156543948,1.0033341915835225
1.0030092675126474,1.003009267512649
1.0030092675126474,1.002937351837215
1.0028654361617795,1.0028654361617813
1.0028654361617795,1.0029976205601117
1.0031298049584403,1.003129804958442
1.0031298049584403,1.0030011563684718
1.0028725077784997,1.0028725077785015
1.0028725077784997,1.0028674135575488
1.0028623193365946,1.0028623193365962
1.0028623193365946,1.0033543765089725
1.0038464336813473,1.0038464336813488
1.0038464336813473,1.0029162844431014
1.0019861352048525,1.001986135204854
1.0019861352048525,1.0022854184607122
1.0025847017165688,1.0025847017165703
1.0025847017165688,1.0027660837468395
1.0029474657771071,1.0029474657771087
1.0029474657771071,1.0023332287033715
1.0017189916296327,1.0017189916296343
1.0017189916296327,1.001612906338298
1.0015068210469598,1.0015068210469615
1.0015068210469598,1.0026104945555958
1.003714168064228,1.00371416806423
1.003714168064228,1.0035140069802049
1.0033138458961777,1.0033138458961797
1.0033138458961777,1.003389760505889
1.0034656751155964,1.0034656751155984
1.0034656751155964,1.003320394172175
1.0031751132287496,1.0031751132287514
1.0031751132287496,1.0027218579581372
1.0022686026875212,1.002268602687523
1.0022686026875212,1.0027821870345015
1.0032957713814783,1.00329577138148
1.0032957713814783,1.0035125689721036
1.0037293665627254,1.0037293665627272
1.0037293665627254,1.0033073368396672
1.0028853071166053,1.0028853071166073
1.0028853071166053,1.0022333138925847
1.0015813206685602,1.0015813206685622
1.0015813206685602,1.0022550857488792
1.0029288508291943,1.0029288508291963
1.0029288508291943,1.0031733882681162
1.0034179257070341,1.0034179257070361
1.0034179257070341,1.0030459111113528
1.0026738965156672,1.0026738965156694
1.0026738965156672,1.0017390781457904
1.0008042597759095,1.0008042597759115
1.0008042597759095,1.0012957112605432
1.0017871627451729,1.0017871627451749
1.0017871627451729,1.0023397731068648
1.002892383468553,1.0028923834685548
1.002892383468553,1.0025447061215553
1.002197028774554,1.0021970287745559
1.002197028774554,1.0022865353332535
1.0023760418919494,1.0023760418919512
1.0023760418919494,1.0030212588608876
1.0036664758298222,1.003666475829824
1.0036664758298222,1.0027588708856692
1.0018512659415126,1.0018512659415144
1.0018512659415126,1.001635806503708
1.0014203470658998,1.0014203470659018
1.0014203470658998,1.0014602090698803
1.001500071073857,1.0015000710738589
1.001500071073857,1.0022359998960253
1.0029719287181902,1.0029719287181917
1.0029719287181902,1.0027335282812455
1.0024951278442975,1.0024951278442993
1.0024951278442975,1.0027314817823594
1.0029678357204177,1.0029678357204195
1.0029678357204177,1.0029587088709395
1.0029495820214578,1.0029495820214596
1.0029495820214578,1.0023116546726645
1.0016737273238676,1.0016737273238694
1.0016737273238676,1.0023337577262548
1.0029937881286386,1.0029937881286402
1.0029937881286386,1.002823335476054
1.0026528828234664,1.002652882823468
1.0026528828234664,1.0028868792306915
1.0031208756379135,1.003120875637915
1.0031208756379135,1.0024389452650335
1.0017570148921504,1.001757014892152
1.0017570148921504,1.0024522262099027
1.0031474375276517,1.0031474375276535
1.0031474375276517,1.0029025796136977
1.0026577216997399,1.0026577216997419
1.0026577216997399,1.002287056010356
1.0019163903209682,1.0019163903209702
1.0019163903209682,1.003038547545287
1.0041607047696017,1.0041607047696037
1.0041607047696017,1.0036275039748228
1.00309430318004,1.003094303180042
1.00309430318004,1.0027447573103982
1.0023952114407526,1.0023952114407546
1.0023952114407526,1.0020370900382727
1.0016789686357888,1.0016789686357908
1.0016789686357888,1.0025179899254102
1.0033570112150278,1.0033570112150296
1.0033570112150278,1.003549164460079
1.0037413177051266,1.0037413177051282
1.0037413177051266,1.0033158338448116
1.0028903499844934,1.002890349984495
1.0028903499844934,1.0019808953951035
1.0010714408057102,1.001071440805712
1.0010714408057102,1.001841036052112
1.0026106312985101,1.002610631298512
1.0026106312985101,1.0035922165743578
1.0045738018502022,1.0045738018502037
1.0045738018502022,1.0038403864748313
1.0031069710994573,1.003106971099459
1.0031069710994573,1.0038363717868988
1.0045657724743373,1.0045657724743386
1.0045657724743373,1.0042115598074646
1.0038573471405894,1.0038573471405905
1.0038573471405894,1.0035179322991004
1.003178517457609,1.0031785174576102
1.003178517457609,1.0029011294492116
1.002623741440812,1.002623741440813
1.002623741440812,1.0030891649672053
1.0035545884935968,1.0035545884935977
1.0035545884935968,1.0032599420582398
1.0029652956228812,1.0029652956228818
1.0029652956228812,1.0026701307995662
1.00237496597625,1.0023749659762506
1.00237496597625,1.0019603739969187
1.0015457820175864,1.0015457820175868
1.0015457820175864,1.0023909165415232
1.0032360510654592,1.0032360510654597
1.0032360510654592,1.0029797851355124
1.0027235192055648,1.0027235192055652
1.0027235192055648,1.0030734874082046
1.0034234556108435,1.003423455610844
1.0034234556108435,1.0023085470557496
1.0011936385006548,1.0011936385006552
1.0011936385006548,1.0016585710975803
1.0021235036945049,1.0021235036945053
1.0021235036945049,1.0022112575819908
1.0022990114694759,1.0022990114694763
1.0022990114694759,1.0021565203446885
1.0020140292199005,1.0020140292199007
1.0020140292199005,1.002439422227578
1.0028648152352555,1.0028648152352555
1.0028648152352555,1.0023754338883042
1.0018860525413527,1.0018860525413529
1.0018860525413527,1.0024116998511385
1.002937347160924,1.0029373471609242
1.002937347160924,1.0023300772441932
1.001722807327462,1.0017228073274622
1.001722807327462,1.0020975154412928
1.0024722235551233,1.0024722235551233
1.0024722235551233,1.0028756958835174
1.0032791682119118,1.0032791682119115
1.0032791682119118,1.00219955402591
1.0011199398399089,1.0011199398399087
1.0011199398399089,1.001942642428062
1.0027653450162155,1.0027653450162153
1.0027653450162155,1.0021579135055771
1.0015504819949392,1.001550481994939
1.0015504819949392,1.0017535905298356
1.0019566990647326,1.0019566990647322
1.0019566990647326,1.002402473937758
1.0028482488107844,1.0028482488107837
1.0028482488107844,1.0021618587087073
1.0014754686066316,1.001475468606631
1.0014754686066316,1.0023836155796513
1.0032917625526723,1.0032917625526716
1.0032917625526723,1.003198448426014
1.0031051342993567,1.0031051342993562
1.0031051342993567,1.0027031077065867
1.0023010811138178,1.002301081113817
1.0023010811138178,1.0024748434997783
1.0026486058857402,1.0026486058857396
1.0026486058857402,1.0028247601611295
1.00300091443652,1.0030009144365195
1.00300091443652,1.0029537516953586
1.002906588954198,1.0029065889541977
1.002906588954198,1.0032042169576776
1.0035018449611577,1.0035018449611575
1.0035018449611577,1.0027526527291721
1.0020034604971872,1.0020034604971868
1.0020034604971872,1.0020034604971868
1.0020034604971872,1.0028345022312686
1.0036655439653508,1.0022510795244213
1.0008366150834926,1.0008366150834922
1.0008366150834926,1.0020923099348513
1.003348004786211,1.0033480047862104
1.003348004786211,1.0030232656851301
1.0026985265840502,1.0026985265840498
1.0026985265840502,1.0023463272789446
1.00199412797384,1.0019941279738394
1.00199412797384,1.0014267232233087
1.000859318472779,1.000859318472778
1.000859318472779,1.0015696290472613
1.0022799396217457,1.0022799396217446
1.0022799396217457,1.0024125350616475
1.0025451305015516,1.0025451305015505
1.0025451305015516,1.0021797393046683
1.0018143481077872,1.0018143481077861
1.0018143481077872,1.0018143481077861
1.0018143481077872,1.0020643952282167
1.0023144423486483,1.0023144423486472
1.0023144423486483,1.0025996898165235
1.0028849372844009,1.0028849372843998
1.0028849372844009,1.0025782012647118
1.0022714652450249,1.0022714652450238
1.0022714652450249,1.0025565495321853
1.0028416338193478,1.0025764201024634
1.0023112063855812,1.0023112063855801
1.0023112063855812,1.0023112063855801
1.0023112063855812,1.0019328030384742
1.0015543996913694,1.0015543996913683
1.0015543996913694,1.0019001613913103
1.0022459230912535,1.0022459230912524
1.0022459230912535,1.0020779025460502
1.0019098820008492,1.001909882000848
1.0019098820008492,1.0022207182492129
1.0025315544975786,1.0028843289637652
1.0032371034299539,1.003237103429953
1.0032371034299539,1.003237103429953
1.0032371034299539,1.0025697825300104
1.0019024616300685,1.0019024616300678
1.0019024616300685,1.002347737623381
1.002793013616695,1.002793013616694
1.002793013616695,1.0020995664756438
1.0014061193345944,1.0014061193345936
1.0014061193345944,1.0015228042939375
1.0016394892532823,1.0017749950500099
1.0019105008467393,1.0019105008467384
1.0019105008467393,1.0019105008467384
1.0019105008467393,1.00167829390937
1.0014460869720025,1.0014460869720017
1.0014460869720025,1.0015759863861526
1.0017058858003045,1.0017058858003036
1.0017058858003045,1.0023537470425983
1.0030016082848936,1.003001608284893
1.0030016082848936,1.0027933422364534
1.0025850761880146,1.0027746204645864
1.0029641647411598,1.002964164741159
1.0029641647411598,1.002964164741159
1.0029641647411598,1.0023413296583836
1.0017184945756095,1.0017184945756084
1.0017184945756095,1.0021846653867796
1.002650836197952,1.002650836197951
1.002650836197952,1.0023343493486474
1.002017862499345,1.0020178624993439
1.002017862499345,1.001963991174033
1.0019101198487235,1.0019839661619891
1.0020578124752573,1.0020578124752562
1.0020578124752573,1.0020578124752562
1.0020578124752573,1.0031607334636718
1.0042636544520886,1.0042636544520875
1.0042636544520886,1.0032472421603682
1.0022308298686498,1.0022308298686489
1.0022308298686498,1.0021229979030144
1.002015165937381,1.00201516593738
1.002015165937381,1.0020612057915217
1.0021072456456646,1.0024737578461111
1.00284027004656,1.0028402700465588
1.00284027004656,1.0028402700465588
1.00284027004656,1.0018473683804343
1.0008544667143109,1.0008544667143098
1.0008544667143109,1.001343544951291
1.0018326231882733,1.0018326231882724
1.0018326231882733,1.0023630248156326
1.0028934264429938,1.0028934264429927
1.0028934264429938,1.002376192578549
1.0018589587141062,1.0018589587141054
1.0018589587141062,1.00149527390511
1.0011315890961154,1.0011315890961145
1.0011315890961154,1.0016442059787989
1.002156822861484,1.0021568228614832
1.002156822861484,1.0025320612803
1.0029072996991175,1.0029072996991166
1.0029072996991175,1.0026800764974908
1.0024528532958656,1.002452853295865
1.0024528532958656,1.002678376650593
1.0029039000053217,1.0033195470529428
1.0037351941005657,1.0037351941005648
1.0037351941005657,1.0037351941005648
1.0037351941005657,1.002679455589679
1.001623717078794,1.0016237170787932
1.001623717078794,1.0022969915437843
1.0029702660087765,1.0029702660087754
1.0029702660087765,1.0029762368170139
1.0029822076252535,1.0029822076252524
1.0029822076252535,1.0031133593267532
1.0032445110282553,1.0029978372236403
1.002751163419028,1.0027511634190267
1.002751163419028,1.0027511634190267
1.002751163419028,1.002781358014516
1.0028115526100063,1.0028115526100052
1.0028115526100063,1.0030865981306505
1.0033616436512969,1.0033616436512958
1.0033616436512969,1.0027044157597738
1.002047187868253,1.0020471878682518
1.002047187868253,1.0016996243730467
1.001352060877843,1.001896444685992
1.0024408284941437,1.0024408284941422
1.0024408284941437,1.0024408284941422
1.0024408284941437,1.002321425373633
1.0022020222531252,1.0022020222531238
1.0022020222531252,1.0020789774708332
1.0019559326885437,1.0019559326885425
1.0019559326885437,1.0022852330229535
1.0026145333573653,1.0026145333573644
1.0026145333573653,1.0029979198106223
1.003381306263881,1.0033813062638801
1.003381306263881,1.0023660032278001
1.001350700191721,1.0013507001917201
1.001350700191721,1.0018053036839285
1.0022599071761378,1.0022599071761369
1.0022599071761378,1.0027397453904074
1.0032195836046789,1.003219583604678
1.0032195836046789,1.0033345834861789
1.0034495833676806,1.0034495833676798
1.0034495833676806,1.0035962721479577
1.0037429609282364,1.0037429609282356
1.0037429609282364,1.0034815633570164
1.0032201657857982,1.0032201657857973
1.0032201657857982,1.0027271642012563
1.0022341626167162,1.0022341626167153
1.0022341626167162,1.0025280169272075
1.0028218712377006,1.0028218712376997
1.0028218712377006,1.0039745093555872
1.0051271474734755,1.0051271474734746
1.0051271474734755,1.0051324930700012
1.0051378386665286,1.0051378386665277
1.0051378386665286,1.00403500166277
1.0029321646590132,1.0029321646590121
1.0029321646590132,1.002439047333521
1.0019459300080307,1.0019459300080298
1.0019459300080307,1.0029757862793938
1.0040056425507589,1.0040056425507577
1.0040056425507589,1.0039616528658466
1.0039176631809366,1.0039176631809354
1.0039176631809366,1.0029023135823139
1.0018869639836934,1.0018869639836923
1.0018869639836934,1.0016332445950793
1.0013795252064672,1.0013795252064663
1.0013795252064672,1.0022925396928235
1.0032055541791813,1.0032055541791807
1.0032055541791813,1.0024415277088763
1.0016775012385726,1.001677501238572
1.0016775012385726,1.001954848145038
1.0022321950515047,1.002232195051504
1.0022321950515047,1.0020359711745712
1.0018397472976392,1.0018397472976384
1.0018397472976392,1.0020531058139404
1.002266464330243,1.0022664643302424
1.002266464330243,1.0029020938525157
1.0035377233747895,1.003537723374789
1.0035377233747895,1.0024508699094805
1.0013640164441724,1.001364016444172
1.0013640164441724,1.0023253563675796
1.0032866962909877,1.0032866962909872
1.0032866962909877,1.0034741308350759
1.003661565379165,1.0036615653791645
1.003661565379165,1.002974800968053
1.002288036556942,1.0022880365569415
1.002288036556942,1.0024057503074393
1.0025234640579377,1.002523464057937
1.0025234640579377,1.003132779825001
1.0037420955920655,1.0037420955920648
1.0037420955920655,1.0029774685591433
1.0022128415262224,1.0022128415262217
1.0022128415262224,1.0022268431660741
1.002240844805927,1.0022408448059266
1.002240844805927,1.002515446029506
1.002790047253086,1.0027900472530855
1.002790047253086,1.003211649055948
1.003633250858811,1.0036332508588104
1.003633250858811,1.003446489726135
1.0032597285934604,1.0032597285934597
1.0032597285934604,1.003124032094195
1.0029883355949307,1.0029883355949303
1.0029883355949307,1.0026844311573755
1.0023805267198214,1.0023805267198207
1.0023805267198214,1.0018166838209455
1.0012528409220707,1.0012528409220702
1.0012528409220707,1.001905483848803
1.0025581267755361,1.002558126775536
1.0025581267755361,1.003229369219308
1.0039006116630802,1.00390061166308
1.0039006116630802,1.003748625119789
1.003596638576498,1.0035966385764978
1.003596638576498,1.0038340847755838
1.0040715309746697,1.0040715309746697
1.0040715309746697,1.0027802010269606
1.0014888710792516,1.0014888710792516
1.0014888710792516,1.0020140924459089
1.0025393138125662,1.0025393138125662
1.0025393138125662,1.0015740807536866
1.0006088476948072,1.000608847694807
1.0006088476948072,1.0015367289272326
1.0024646101596582,1.0024646101596582
1.0024646101596582,1.0025008443254815
1.0025370784913048,1.0025370784913048
1.0025370784913048,1.0027934019196065
1.0030497253479085,1.0030497253479083
1.0030497253479085,1.0030665951641156
1.003083464980323,1.0030834649803229
1.003083464980323,1.0028401986922555
1.0025969324041886,1.0025969324041881
1.0025969324041886,1.0033084962648622
1.0040200601255367,1.0040200601255362
1.0040200601255367,1.0034384953200353
1.0028569305145347,1.0028569305145343
1.0028569305145347,1.0025947825369923
1.0023326345594508,1.0023326345594503
1.0023326345594508,1.002070319696427
1.001808004833404,1.0018080048334035
1.001808004833404,1.0019613268833734
1.002114648933344,1.0021146489333432
1.002114648933344,1.0023102258401453
1.0025058027469482,1.0025058027469473
1.0025058027469482,1.0023325716803004
1.0021593406136544,1.0021593406136535
1.0021593406136544,1.0021233125883708
1.0020872845630888,1.0020872845630882
1.0020872845630888,1.0026714113504993
1.0032555381379111,1.0032555381379105
1.0032555381379111,1.003354995788198
1.0034544534384862,1.0034544534384855
1.0034544534384862,1.0029279401439486
1.0024014268494126,1.0024014268494117
1.0024014268494126,1.0028798101834333
1.0033581935174558,1.003358193517455
1.0033581935174558,1.0027577701409682
1.0021573467644824,1.0021573467644815
1.0021573467644824,1.002903741413684
1.0036501360628876,1.0036501360628867
1.0036501360628876,1.002994617889739
1.0023390997165922,1.0023390997165915
1.0023390997165922,1.0025385798837818
1.0027380600509725,1.002738060050972
1.0027380600509725,1.0025215209367513
1.0023049818225311,1.0023049818225305
1.0023049818225311,1.002767626986357
1.003230272150184,1.0032302721501836
1.003230272150184,1.0031662774295862
1.0031022827089893,1.0031022827089888
1.0031022827089893,1.0026158857549912
1.0021294888009942,1.0021294888009935
1.0021294888009942,1.0023945094308075
1.0026595300606223,1.0026595300606216
1.0026595300606223,1.0019498507316835
1.0012401714027463,1.0012401714027455
1.0012401714027463,1.0028508988409919
1.0044616262792394,1.0044616262792383
1.0044616262792394,1.0041988797812111
1.003936133283185,1.003936133283184
1.003936133283185,1.0038606875412073
1.0037852417992317,1.0037852417992306
1.0037852417992317,1.0028893054887251
1.001993369178221,1.0019933691782197
1.001993369178221,1.002106948666557
1.0022205281548957,1.0022205281548944
1.0022205281548957,1.002874072796724
1.003527617438555,1.0035276174385537
1.003527617438555,1.0036434032791428
1.0037591891197333,1.003759189119732
1.0037591891197333,1.0032087618733883
1.0026583346270457,1.0026583346270446
1.0026583346270457,1.0026335736873477
1.0026088127476518,1.002608812747651
1.0026088127476518,1.0024856782413685
1.0023625437350867,1.002362543735086
1.0023625437350867,1.0031278800314163
1.0038932163277472,1.0038932163277465
1.0038932163277472,1.0034940772835794
1.0030949382394132,1.0030949382394123
1.0030949382394132,1.0026459556866345
1.0021969731338576,1.0021969731338567
1.0021969731338576,1.0023063872752633
1.0024158014166706,1.00241580141667
1.0024158014166706,1.0026728348809522
1.002929868345235,1.0029298683452343
1.002929868345235,1.003000207559157
1.0030705467730807,1.0030705467730798
1.0030705467730807,1.0026764408238453
1.0022823348746117,1.0022823348746108
1.0022823348746117,1.0032847089888426
1.0042870831030755,1.0042870831030744
1.0042870831030755,1.0040825483434843
1.0038780135838952,1.0038780135838943
1.0038780135838952,1.0028686662579012
1.001859318931909,1.001859318931908
1.001859318931909,1.0030147650795744
1.0041702112272417,1.0041702112272408
1.0041702112272417,1.0040042514530994
1.0038382916789585,1.0038382916789579
1.0038382916789585,1.0037988230926034
1.0037593545062495,1.0037593545062489
1.0037593545062495,1.003079248010206
1.0023991415141638,1.002399141514163
1.0023991415141638,1.0032380157438663
1.0040768899735704,1.0040768899735695
1.0040768899735704,1.004019838085141
1.0039627861967135,1.0039627861967126
1.0039627861967135,1.0026027463859366
1.0012427065751617,1.0012427065751606
1.0012427065751617,1.0021670472675281
1.0030913879598968,1.0030913879598957
1.0030913879598968,1.0030907301509615
1.0030900723420284,1.0030900723420273
1.0030900723420284,1.0030433272259005
1.0029965821097748,1.0029965821097737
1.0029965821097748,1.0019679230887784
1.0009392640677843,1.000939264067783
1.0009392640677843,1.0021889994015667
1.0034387347353517,1.0034387347353504
1.0034387347353517,1.003077932550943
1.002717130366537,1.0027171303665354
1.002717130366537,1.0031461244286777
1.0035751184908215,1.00357511849082
1.0035751184908215,1.0028073564268616
1.0020395943629046,1.0020395943629032
1.0020395943629046,1.0022019240778195
1.0023642537927373,1.0023642537927357
1.0023642537927373,1.002953262971235
1.0035422721497358,1.0035422721497342
1.0035422721497358,1.004094111778902
1.0046459514080714,1.0046459514080697
1.0046459514080714,1.0038542199135962
1.0030624884191246,1.0030624884191228
1.0030624884191246,1.0031815086852225
1.003300528951324,1.0033005289513222
1.003300528951324,1.0031404335823138
1.0029803382133073,1.0029803382133053
1.0029803382133073,1.0028883664304251
1.002796394647547,1.0027963946475449
1.002796394647547,1.0023892032849673
1.001982011922392,1.0019820119223897
1.001982011922392,1.0025858019326113
1.0031895919428349,1.0031895919428329
1.0031895919428349,1.0026628542257943
1.0021361165087577,1.0021361165087557
1.0021361165087577,1.0022744371304635
1.0024127577521733,1.0024127577521713
1.0024127577521733,1.0027400453077269
1.0030673328632844,1.0030673328632824
1.0030673328632844,1.0033531143903558
1.0036388959174312,1.0036388959174292
1.0036388959174312,1.003274768107695
1.0029106402979626,1.0029106402979608
1.0029106402979626,1.0020848425003814
1.0012590447028036,1.001259044702802
1.0012590447028036,1.0016501274946412
1.0020412102864817,1.0020412102864804
1.0020412102864817,1.0026240288839179
1.0032068474813565,1.0032068474813554
1.0032068474813565,1.0036473335959166
1.0040878197104792,1.004087819710478
1.0040878197104792,1.0029915392160305
1.0018952587215844,1.001895258721583
1.0018952587215844,1.0021965757559879
1.0024978927903938,1.0024978927903927
1.0024978927903938,1.0025866557198708
1.00267541864935,1.002675418649349
1.00267541864935,1.0022779930096481
1.0018805673699482,1.0018805673699474
1.0018805673699482,1.0024383203778349
1.0029960733857233,1.0029960733857224
1.0029960733857233,1.0033806411393669
1.0037652088930125,1.0037652088930114
1.0037652088930125,1.0026480245277216
1.001530840162433,1.0015308401624319
1.001530840162433,1.0022796910571086
1.0030285419517866,1.0030285419517853
1.0030285419517866,1.0026048201427176
1.002181098333651,1.0021810983336499
1.002181098333651,1.001943904056316
1.0017067097789834,1.0017067097789822
1.0017067097789834,1.0023397383204777
1.0029727668619741,1.0029727668619732
1.0029727668619741,1.0029727668619732
1.0029727668619741,1.002372730360917
1.0017726938598612,1.0017726938598606
1.0017726938598612,1.0018648303108277
1.0019569667617956,1.0019192776924746
1.001881588623155,1.0018815886231542
1.001881588623155,1.0018815886231542
1.001881588623155,1.002634239703577
1.0033868907840002,1.0035479540968737
1.0037090174097483,1.0037090174097476
1.0037090174097483,1.0037090174097476
1.0037090174097483,1.0032583026133157
1.0028075878168845,1.0028075878168838
1.0028075878168845,1.0030896213300262
1.003371654843169,1.0033716548431686
1.003371654843169,1.0036198675560184
1.0038680802688686,1.0038680802688682
1.0038680802688686,1.0034016518073874
1.0029352233459072,1.0029352233459066
1.0029352233459072,1.0028918517567191
1.0028484801675324,1.0028484801675317
1.0028484801675324,1.0031916812307977
1.0035348822940644,1.0035348822940637
1.0035348822940644,1.0030334113894745
1.002531940484886,1.0025319404848854
1.002531940484886,1.0033678555533043
1.004203770621724,1.0042037706217233
1.004203770621724,1.003685283658892
1.0031667966960616,1.003166796696061
1.0031667966960616,1.003321323177395
1.0034758496587297,1.003475849658729
1.0034758496587297,1.0027398448040337
1.002003839949339,1.0020038399493383
1.002003839949339,1.0029228215418353
1.003841803134333,1.0038418031343324
1.003841803134333,1.0038780233673803
1.003914243600429,1.0039142436004282
1.003914243600429,1.003221122273012
1.0025280009455968,1.002528000945596
1.0025280009455968,1.0029098911478362
1.0032917813500777,1.0032917813500766
1.0032917813500777,1.0023311051316481
1.0013704289132206,1.0013704289132197
1.0013704289132206,1.001517792923098
1.001665156932977,1.0016651569329764
1.001665156932977,1.0019493313441832
1.0022335057553906,1.00223350575539
1.0022335057553906,1.00234319619035
1.0024528866253104,1.00245288662531
1.0024528866253104,1.002201050009645
1.0019492133939805,1.00194921339398
1.0019492133939805,1.0027226296383445
1.0034960458827091,1.003496045882709
1.0034960458827091,1.003620432588066
1.003744819293423,1.003744819293423
1.003744819293423,1.002999065122475
1.0022533109515268,1.0022533109515268
1.0022533109515268,1.0024990354236425
1.0027447598957584,1.0027447598957582
1.0027447598957584,1.0031693098087409
1.0035938597217238,1.0035938597217235
1.0035938597217238,1.0027563185508388
1.001918777379954,1.001918777379954
1.001918777379954,1.0018899060544095
1.0018610347288652,1.001861034728865
1.0018610347288652,1.0020852178047663
1.0023094008806679,1.0023094008806677
1.0023094008806679,1.002543715487183
1.0027780300936988,1.0027780300936984
1.0027780300936988,1.0023319638727721
1.0018858976518463,1.0018858976518459
1.0018858976518463,1.002533846998498
1.0031817963451504,1.00318179634515
1.0031817963451504,1.0031295901801123
1.003077384015075,1.0030773840150746
1.003077384015075,1.002582329642168
1.0020872752692618,1.0020872752692616
1.0020872752692618,1.0022363954185582
1.0023855155678554,1.002385515567855
1.0023855155678554,1.002935949592143
1.0034863836164314,1.0034863836164312
1.0034863836164314,1.0036272240657036
1.003768064514976,1.003768064514976
1.003768064514976,1.0043651379768805
1.004962211438785,1.004962211438785
1.004962211438785,1.003940695121217
1.0029191788036491,1.0029191788036491
1.0029191788036491,1.0025220452305246
1.0021249116573998,1.0021249116574
1.0021249116573998,1.0021614038414977
1.0021978960255953,1.0021978960255953
1.0021978960255953,1.002243845949245
1.002289795872895,1.002289795872895
1.002289795872895,1.00277498920164
1.003260182530385,1.003260182530385
1.003260182530385,1.0028697931920951
1.0024794038538054,1.0024794038538052
1.0024794038538054,1.0022853718850246
1.002091339916244,1.0028254994436212
1.0035596589709983,1.0035596589709983
1.0035596589709983,1.0035596589709983
1.0035596589709983,1.0030254331460684
1.0024912073211385,1.0024912073211385
1.0024912073211385,1.0027462662593696
1.0030013251976007,1.0030013251976007
1.0030013251976007,1.0037409966875428
1.0044806681774852,1.004480668177485
1.0044806681774852,1.003775646238973
1.0030706243004612,1.0030706243004612
1.0030706243004612,1.0038353106071898
1.004599996913918,1.0045999969139183
1.004599996913918,1.0041988484642377
1.0037977000145566,1.003797700014557
1.0037977000145566,1.002965565251145
1.0021334304877327,1.0021334304877332
1.0021334304877327,1.002704539910699
1.0032756493336645,1.003275649333665
1.0032756493336645,1.003030996805925
1.0027863442781846,1.002786344278185
1.0027863442781846,1.002919814378823
1.0030532844794602,1.0030532844794608
1.0030532844794602,1.0022041954835013
1.0013551064875412,1.0013551064875417
1.0013551064875412,1.0021845542195906
1.0030140019516391,1.0030140019516396
1.0030140019516391,1.0026792016897788
1.0023444014279173,1.002344401427918
1.0023444014279173,1.0029999489059032
1.0036554963838875,1.0036554963838884
1.0036554963838875,1.0028387806266026
1.002022064869316,1.0020220648693168
1.002022064869316,1.002082446166658
1.0021428274639987,1.0021428274639992
1.0021428274639987,1.0020882140254725
1.0020336005869452,1.002033600586946
1.0020336005869452,1.003153314128725
1.0042730276705032,1.004273027670504
1.0042730276705032,1.0038798312252122
1.0034866347799194,1.0034866347799203
1.0034866347799194,1.003221969842857
1.0029573049057932,1.0029573049057938
1.0029573049057932,1.0027413856872625
1.0025254664687306,1.002525466468731
1.0025254664687306,1.002284905618773
1.0020443447688145,1.002044344768815
1.0020443447688145,1.0022648322995908
1.002485319830366,1.0024853198303667
1.002485319830366,1.0028188562256537
1.00315239262094,1.0031523926209407
1.00315239262094,1.0025945204061772
1.0020366481914131,1.0020366481914138
1.0020366481914131,1.002262048833625
1.0024874494758353,1.002487449475836
1.0024874494758353,1.0028711617652943
1.0032548740547518,1.0032548740547527
1.0032548740547518,1.0027452408824353
1.002235607710117,1.002235607710118
1.002235607710117,1.0025377076357562
1.0028398075613936,1.0028398075613945
1.0028398075613936,1.0032452977493742
1.0036507879373533,1.003650787937354
1.0036507879373533,1.003662059087803
1.0036733302382512,1.003673330238252
1.0036733302382512,1.002320335972231
1.0009673417062095,1.0009673417062102
1.0009673417062095,1.0016515138614108
1.0023356860166108,1.0023356860166115
1.0023356860166108,1.0018333769134642
1.0013310678103162,1.0013310678103169
1.0013310678103162,1.002510796132219
1.0036905244541205,1.0036905244541212
1.0036905244541205,1.0035249942260127
1.0033594639979035,1.0033594639979042
1.0033594639979035,1.0027296907320382
1.0020999174661716,1.0020999174661722
1.0020999174661716,1.002434762205242
1.0027696069443115,1.002769606944312
1.0027696069443115,1.0030656316791953
1.0033616564140782,1.0033616564140786
1.0033616564140782,1.003366381115461
1.0033711058168429,1.0033711058168433
1.0033711058168429,1.0033974250403876
1.0034237442639315,1.003423744263932
1.0034237442639315,1.0032215431875096
1.003019342111087,1.0030193421110871
1.003019342111087,1.0036375850027088
1.0042558278943305,1.0042558278943305
1.0042558278943305,1.0039089445780038
1.003562061261677,1.0035620612616771
1.003562061261677,1.0034697406636146
1.0033774200655519,1.003377420065552
1.0033774200655519,1.0028970977520046
1.0024167754384572,1.0024167754384572
1.0024167754384572,1.0026804806068572
1.002944185775257,1.0029441857752572
1.002944185775257,1.002518956805819
1.0020937278363806,1.0020937278363808
1.0020937278363806,1.0030294907848893
1.0039652537333974,1.0039652537333978
1.0039652537333974,1.0041458176465112
1.0043263815596244,1.0043263815596246
1.0043263815596244,1.0038635690984452
1.0034007566372654,1.0034007566372658
1.0034007566372654,1.0035644537918715
1.003728150946477,1.0037281509464773
1.003728150946477,1.0035343805987065
1.0033406102509355,1.0033406102509357
1.0033406102509355,1.0033469852954058
1.0033533603398757,1.0033533603398759
1.0033533603398757,1.0027639354373665
1.002174510534857,1.0021745105348572
1.002174510534857,1.0020640044240445
1.0019534983132319,1.0019534983132319
1.0019534983132319,1.0024512366945117
1.0029489750757916,1.0029489750757916
1.0029489750757916,1.0029344930737065
1.0029200110716212,1.0029200110716214
1.0029200110716212,1.0034797094369226
1.0040394078022234,1.0040394078022237
1.0040394078022234,1.0033751641580702
1.0027109205139164,1.0027109205139166
1.0027109205139164,1.0027401045064592
1.0027692884990014,1.0027692884990018
1.0027692884990014,1.0025067883575343
1.0022442882160663,1.0022442882160667
1.0022442882160663,1.0026438443899328
1.0030434005637985,1.003043400563799
1.0030434005637985,1.0032132279365347
1.0033830553092697,1.0033830553092704
1.0033830553092697,1.0028666466280902
1.0023502379469091,1.00235023794691
1.0023502379469091,1.0021446241408545
1.001939010334798,1.001939010334799
1.001939010334798,1.0035423568146131
1.0051457032944264,1.0051457032944273
1.0051457032944264,1.0045508868858861
1.0039560704773443,1.003956070477345
1.0039560704773443,1.0036985146800528
1.0034409588827602,1.0034409588827606
1.0034409588827602,1.0025182636712375
1.001595568459714,1.0015955684597144
1.001595568459714,1.0016662888186338
1.0017370091775528,1.0017370091775533
1.0017370091775528,1.0017523164641187
1.0017676237506836,1.001767623750684
1.0017676237506836,1.0025109588665684
1.003254293982452,1.0032542939824527
1.003254293982452,1.0033396844865863
1.0034250749907192,1.0034250749907199
1.0034250749907192,1.0029880269240128
1.002550978857305,1.0025509788573057
1.002550978857305,1.0029872047041157
1.003423430550925,1.0034234305509258
1.003423430550925,1.004058858624562
1.0046942866981976,1.0046942866981983
1.0046942866981976,1.0046145630004903
1.004534839302782,1.0045348393027824
1.004534839302782,1.003703644984499
1.0028724506662152,1.0028724506662154
1.0028724506662152,1.002754612548765
1.0026367744313143,1.0026367744313145
1.0026367744313143,1.0024082226248041
1.0021796708182935,1.0021796708182937
1.0021796708182935,1.0027588999067012
1.0033381289951087,1.0033381289951087
1.0033381289951087,1.0029290182846595
1.0025199075742106,1.0025199075742104
1.0025199075742106,1.002950911363338
1.0033819151524657,1.0033819151524654
1.0033819151524657,1.002853250087925
1.0023245850233846,1.0023245850233846
1.0023245850233846,1.002254483567068
1.0021843821107514,1.0021843821107512
1.0021843821107514,1.0024262707019933
1.0026681592932356,1.0026681592932354
1.0026681592932356,1.002723408492241
1.002778657691247,1.0027786576912465
1.002778657691247,1.0031190389662834
1.0034594202413205,1.0034594202413203
1.0034594202413205,1.0035433303134471
1.0036272403855742,1.003627240385574
1.0036272403855742,1.0039652361473568
1.0043032319091396,1.0043032319091396
1.0043032319091396,1.0041904153198984
1.004077598730657,1.0040775987306572
1.004077598730657,1.0036673987983558
1.0032571988660541,1.0032571988660544
1.0032571988660541,1.003235335905705
1.0032134729453552,1.0032134729453555
1.0032134729453552,1.003375308321675
1.0035371436979943,1.0035371436979945
1.0035371436979943,1.0036790697745652
1.0038209958511357,1.003820995851136
1.0038209958511357,1.0033666801230807
1.002912364395025,1.0029123643950255
1.002912364395025,1.0021473374167984
1.0013823104385708,1.0013823104385713
1.0013823104385708,1.0017986858735521
1.0022150613085323,1.002215061308533
1.0022150613085323,1.0024371784750192
1.0026592956415048,1.0026592956415055
1.0026592956415048,1.0028588183839782
1.0030583411264502,1.0030583411264509
1.0030583411264502,1.003018230799681
1.0029781204729105,1.0029781204729113
1.0029781204729105,1.0029081377767808
1.0028381550806493,1.0028381550806502
1.0028381550806493,1.003671361526576
1.004504567972501,1.0045045679725018
1.004504567972501,1.0030938254554251
1.001683082938348,1.0016830829383485
1.001683082938348,1.0020050618097414
1.0023270406811338,1.0023270406811342
1.0023270406811338,1.0022170038749243
1.002106967068714,1.0021069670687144
1.002106967068714,1.0031426694691947
1.0041783718696748,1.004178371869675
1.0041783718696748,1.0034838731863747
1.002789374503074,1.0027893745030743
1.002789374503074,1.0026907590075538
1.002592143512033,1.0025921435120333
1.002592143512033,1.0031185456791145
1.0036449478461955,1.0036449478461957
1.0036449478461955,1.0036376587063598
1.0036303695665236,1.0036303695665239
1.0036303695665236,1.003524190389697
1.00341801121287,1.00341801121287
1.00341801121287,1.0032166989124853
1.0030153866121008,1.0030153866121005
1.0030153866121008,1.0035142132264432
1.0040130398407858,1.0040130398407858
1.0040130398407858,1.003769026991574
1.0035250141423624,1.0035250141423622
1.0035250141423624,1.0034601384166877
1.0033952626910134,1.0033952626910132
1.0033952626910134,1.0031155848252646
1.0028359069595163,1.002835906959516
1.0028359069595163,1.0029374977874836
1.0030390886154514,1.0030390886154512
1.0030390886154514,1.002680209620673
1.0023213306258951,1.002321330625895
1.0023213306258951,1.0022220805614601
1.0021228304970256,1.0021228304970253
1.0021228304970256,1.0019427695688292
1.001762708640633,1.001762708640633
1.001762708640633,1.002370793698148
1.002978878755663,1.002978878755663
1.002978878755663,1.0031592693115534
1.0033396598674438,1.0033396598674438
1.0033396598674438,1.0035656114101514
1.003791562952859,1.003791562952859
1.003791562952859,1.0033856406777009
1.0029797184025424,1.0029797184025426
1.0029797184025424,1.0032412757062574
1.0035028330099718,1.0035028330099722
1.0035028330099718,1.0028078083026446
1.0021127835953165,1.002112783595317
1.0021127835953165,1.0022388444106145
1.0023649052259118,1.002364905225912
1.0023649052259118,1.0017101419140375
1.0010553786021625,1.001055378602163
1.0010553786021625,1.0014312026678671
1.001807026733571,1.0018070267335712
1.001807026733571,1.0023562961140646
1.002905565494558,1.002905565494558
1.002905565494558,1.0021573066045848
1.0014090477146116,1.0014090477146116
1.0014090477146116,1.002440682573643
1.0034723174326745,1.0034723174326743
1.0034723174326745,1.0026218423230397
1.0017713672134054,1.0017713672134052
1.0017713672134054,1.0020883763987227
1.0024053855840405,1.0024053855840402
1.0024053855840405,1.0025895345186628
1.0027736834532857,1.0027736834532854
1.0027736834532857,1.0026436186187624
1.0025135537842396,1.0025135537842393
1.0025135537842396,1.0030863094333005
1.003659065082362,1.0036590650823616
1.003659065082362,1.0039242492778553
1.0041894334733492,1.004189433473349
1.0041894334733492,1.0040377718136066
1.0038861101538643,1.0038861101538643
1.0038861101538643,1.0038861101538643
1.0038861101538643,1.0036668500158958
1.0034475898779276,1.003098402080305
1.0027492142826828,1.0027492142826828
1.0027492142826828,1.0032977988166865
1.0038463833506899,1.00384638335069
1.0038463833506899,1.00384638335069
1.0038463833506899,1.0040508577232996
1.004255332095909,1.004030407635366
1.003805483174823,1.003805483174823
1.003805483174823,1.003805483174823
1.003805483174823,1.0032846254084005
1.0027637676419778,1.0027637676419778
1.0027637676419778,1.0023468789940493
1.0019299903461205,1.0019299903461207
1.0019299903461205,1.002485045687549
1.003040101028977,1.0030401010289771
1.003040101028977,1.0025793507909064
1.0021186005528355,1.0021503862273784
1.002182171901921,1.002182171901921
1.002182171901921,1.002182171901921
1.002182171901921,1.0030394190741312
1.003896666246341,1.0038966662463413
1.003896666246341,1.004392724172605
1.0048887820988683,1.0048887820988686
1.0048887820988683,1.004526387592768
1.004163993086667,1.0041639930866673
1.004163993086667,1.0039746033518262
1.0037852136169847,1.0032573599021422
1.002729506187299,1.0027295061872992
1.002729506187299,1.0027295061872992
1.002729506187299,1.00288566165732
1.0030418171273405,1.003041817127341
1.0030418171273405,1.0026036655836368
1.002165514039932,1.0021655140399326
1.002165514039932,1.0021575341644613
1.0021495542889893,1.00214955428899
1.0021495542889893,1.002372032800892
1.0025945113127932,1.0031010361643473
1.0036075610158999,1.0036075610159005
1.0036075610158999,1.0036075610159005
1.0036075610158999,1.0031846823429567
1.002761803670012,1.0027618036700128
1.002761803670012,1.0029714294722898
1.0031810552745664,1.0031810552745668
1.0031810552745664,1.0031268159583793
1.0030725766421913,1.0030725766421917
1.0030725766421913,1.0029315141788542
1.0027904517155162,1.003241155997057
1.003691860278597,1.0036918602785976
1.003691860278597,1.0036918602785976
1.003691860278597,1.004512371321713
1.0053328823648275,1.0053328823648284
1.0053328823648275,1.0035835557342614
1.0018342291036935,1.0018342291036944
1.0018342291036935,1.0019588469483272
1.002083464792959,1.00208346479296
1.002083464792959,1.0026450273872238
1.003206589981487,1.0032065899814877
1.003206589981487,1.0039824357260971
1.0047582814707057,1.0047582814707066
1.0047582814707057,1.0036949028319553
1.002631524193203,1.002631524193204
1.002631524193203,1.0028301968385158
1.0030288694838265,1.0030288694838276
1.0030288694838265,1.0027150135064136
1.0024011575289984,1.0024011575289995
1.0024011575289984,1.002977069168012
1.0035529808070234,1.0040486585003157
1.004544336193606,1.0045443361936068
1.004544336193606,1.0045443361936068
1.004544336193606,1.0040081438614115
1.0034719515292154,1.003471951529216
1.0034719515292154,1.0030587122366739
1.0026454729441312,1.0026454729441316
1.0026454729441312,1.0031947411709738
1.0037440093978156,1.003744009397816
1.0037440093978156,1.0036958751701852
1.003647740942554,1.0036477409425544
1.003647740942554,1.0024136711629335
1.0011796013833119,1.0011796013833125
1.0011796013833119,1.002013184824474
1.0028467682656348,1.0028467682656355
1.0028467682656348,1.0031089916886309
1.0033712151116256,1.0033712151116263
1.0033712151116256,1.0030963843085703
1.0028215535055136,1.0028215535055143
1.0028215535055136,1.0028044711307649
1.0027873887560148,1.0027873887560155
1.0027873887560148,1.0027981050690036
1.002808821381991,1.0028088213819917
1.002808821381991,1.0027422588188126
1.002675696255633,1.0026756962556336
1.002675696255633,1.0026699347028805
1.002664173150127,1.0026641731501273
1.002664173150127,1.0037453482759195
1.0048265234017113,1.0048265234017117
1.0048265234017113,1.003581209296864
1.0023358951920156,1.002335895192016
1.0023358951920156,1.0027327542742095
1.0031296133564025,1.003129613356403
1.0031296133564025,1.0027950906429455
1.0024605679294878,1.002460567929488
1.0024605679294878,1.002900234509379
1.0033399010892698,1.0033399010892698
1.0033399010892698,1.0034266671230663
1.0035134331568625,1.0035134331568627
1.0035134331568625,1.0034012219872253
1.0032890108175878,1.0032890108175878
1.0032890108175878,1.0028756984931078
1.0024623861686277,1.0024623861686277
1.0024623861686277,1.002031962669461
1.0016015391702942,1.0016015391702942
1.0016015391702942,1.0025282926054762
1.003455046040658,1.0034550460406582
1.003455046040658,1.0034550460406582
